{
  "JPS01_T04_Login2/actions/Catalog.action-168" : {
    "transaction" : "JPS01_T04_Login2/actions/Catalog.action-168",
    "sampleCount" : 6,
    "errorCount" : 0,
    "errorPct" : 0.0,
    "meanResTime" : 294.66666666666663,
    "medianResTime" : 292.5,
    "minResTime" : 231.0,
    "maxResTime" : 370.0,
    "pct1ResTime" : 370.0,
    "pct2ResTime" : 370.0,
    "pct3ResTime" : 370.0,
    "throughput" : 1.300672013873835,
    "receivedKBytesPerSec" : 2.311106180901799,
    "sentKBytesPerSec" : 1.1076035118144374
  },
  "JPS_SignOut" : {
    "transaction" : "JPS_SignOut",
    "sampleCount" : 10,
    "errorCount" : 0,
    "errorPct" : 0.0,
    "meanResTime" : 703.7999999999998,
    "medianResTime" : 689.0,
    "minResTime" : 539.0,
    "maxResTime" : 895.0,
    "pct1ResTime" : 889.1,
    "pct2ResTime" : 895.0,
    "pct3ResTime" : 895.0,
    "throughput" : 0.2744990392533626,
    "receivedKBytesPerSec" : 0.5639829381690914,
    "sentKBytesPerSec" : 0.43775090927806753
  },
  "JPS02_T05_EnterDetails_&_Save2/actions/Catalog.action-25" : {
    "transaction" : "JPS02_T05_EnterDetails_&_Save2/actions/Catalog.action-25",
    "sampleCount" : 4,
    "errorCount" : 0,
    "errorPct" : 0.0,
    "meanResTime" : 270.5,
    "medianResTime" : 272.0,
    "minResTime" : 231.0,
    "maxResTime" : 307.0,
    "pct1ResTime" : 307.0,
    "pct2ResTime" : 307.0,
    "pct3ResTime" : 307.0,
    "throughput" : 1.3162224415926291,
    "receivedKBytesPerSec" : 2.295355688548865,
    "sentKBytesPerSec" : 1.0694307337940112
  },
  "JPS01_T10_EnterDetails_&_Continue/actions/Order.action-214" : {
    "transaction" : "JPS01_T10_EnterDetails_&_Continue/actions/Order.action-214",
    "sampleCount" : 6,
    "errorCount" : 0,
    "errorPct" : 0.0,
    "meanResTime" : 398.5,
    "medianResTime" : 379.5,
    "minResTime" : 243.0,
    "maxResTime" : 585.0,
    "pct1ResTime" : 585.0,
    "pct2ResTime" : 585.0,
    "pct3ResTime" : 585.0,
    "throughput" : 0.9247842170160296,
    "receivedKBytesPerSec" : 1.6224363729192355,
    "sentKBytesPerSec" : 1.318088442123921
  },
  "JPS01_T14_Click_BookedOrder/actions/Order.action-225" : {
    "transaction" : "JPS01_T14_Click_BookedOrder/actions/Order.action-225",
    "sampleCount" : 6,
    "errorCount" : 3,
    "errorPct" : 50.0,
    "meanResTime" : 357.5,
    "medianResTime" : 325.0,
    "minResTime" : 288.0,
    "maxResTime" : 550.0,
    "pct1ResTime" : 550.0,
    "pct2ResTime" : 550.0,
    "pct3ResTime" : 550.0,
    "throughput" : 0.5341404789459627,
    "receivedKBytesPerSec" : 0.7809544144484999,
    "sentKBytesPerSec" : 0.4329458960206534
  },
  "JPS02_T05_EnterDetails_&_Save1/actions/Account.action-24" : {
    "transaction" : "JPS02_T05_EnterDetails_&_Save1/actions/Account.action-24",
    "sampleCount" : 4,
    "errorCount" : 0,
    "errorPct" : 0.0,
    "meanResTime" : 346.75,
    "medianResTime" : 346.5,
    "minResTime" : 292.0,
    "maxResTime" : 402.0,
    "pct1ResTime" : 402.0,
    "pct2ResTime" : 402.0,
    "pct3ResTime" : 402.0,
    "throughput" : 1.3157894736842104,
    "receivedKBytesPerSec" : 0.30838815789473684,
    "sentKBytesPerSec" : 2.1641781455592106
  },
  "JPS_SignOut2/actions/Catalog.action-229" : {
    "transaction" : "JPS_SignOut2/actions/Catalog.action-229",
    "sampleCount" : 10,
    "errorCount" : 0,
    "errorPct" : 0.0,
    "meanResTime" : 341.79999999999995,
    "medianResTime" : 321.0,
    "minResTime" : 236.0,
    "maxResTime" : 489.0,
    "pct1ResTime" : 487.9,
    "pct2ResTime" : 489.0,
    "pct3ResTime" : 489.0,
    "throughput" : 0.27648750276487505,
    "receivedKBytesPerSec" : 0.5032666566439947,
    "sentKBytesPerSec" : 0.2192459494580845
  },
  "JPS01_T11_Submit/actions/Order.action-215" : {
    "transaction" : "JPS01_T11_Submit/actions/Order.action-215",
    "sampleCount" : 6,
    "errorCount" : 3,
    "errorPct" : 50.0,
    "meanResTime" : 416.5,
    "medianResTime" : 406.5,
    "minResTime" : 262.0,
    "maxResTime" : 620.0,
    "pct1ResTime" : 620.0,
    "pct2ResTime" : 620.0,
    "pct3ResTime" : 620.0,
    "throughput" : 0.7655990812811024,
    "receivedKBytesPerSec" : 6.515691790544851,
    "sentKBytesPerSec" : 0.6063484911318107
  },
  "JPS01_T04_Login" : {
    "transaction" : "JPS01_T04_Login",
    "sampleCount" : 6,
    "errorCount" : 3,
    "errorPct" : 50.0,
    "meanResTime" : 609.5,
    "medianResTime" : 594.5,
    "minResTime" : 573.0,
    "maxResTime" : 672.0,
    "pct1ResTime" : 672.0,
    "pct2ResTime" : 672.0,
    "pct3ResTime" : 672.0,
    "throughput" : 1.2048192771084338,
    "receivedKBytesPerSec" : 3.3638460090361444,
    "sentKBytesPerSec" : 2.457878388554217
  },
  "JPS01_T06_Select_A_SubPet/actions/Catalog.action-193" : {
    "transaction" : "JPS01_T06_Select_A_SubPet/actions/Catalog.action-193",
    "sampleCount" : 6,
    "errorCount" : 0,
    "errorPct" : 0.0,
    "meanResTime" : 374.16666666666663,
    "medianResTime" : 376.5,
    "minResTime" : 249.0,
    "maxResTime" : 473.0,
    "pct1ResTime" : 473.0,
    "pct2ResTime" : 473.0,
    "pct3ResTime" : 473.0,
    "throughput" : 1.1021307861866274,
    "receivedKBytesPerSec" : 1.7848634965099193,
    "sentKBytesPerSec" : 0.9173660222263041
  },
  "JPS01_T05_Select_A_Pet/actions/Catalog.action-192" : {
    "transaction" : "JPS01_T05_Select_A_Pet/actions/Catalog.action-192",
    "sampleCount" : 6,
    "errorCount" : 0,
    "errorPct" : 0.0,
    "meanResTime" : 285.8333333333333,
    "medianResTime" : 284.0,
    "minResTime" : 246.0,
    "maxResTime" : 338.0,
    "pct1ResTime" : 338.0,
    "pct2ResTime" : 338.0,
    "pct3ResTime" : 338.0,
    "throughput" : 1.0535557506584723,
    "receivedKBytesPerSec" : 1.6197733757682176,
    "sentKBytesPerSec" : 0.8443535996488147
  },
  "JPS_SignOut1/actions/Account.action-228" : {
    "transaction" : "JPS_SignOut1/actions/Account.action-228",
    "sampleCount" : 10,
    "errorCount" : 0,
    "errorPct" : 0.0,
    "meanResTime" : 361.99999999999994,
    "medianResTime" : 368.5,
    "minResTime" : 262.0,
    "maxResTime" : 433.0,
    "pct1ResTime" : 431.4,
    "pct2ResTime" : 433.0,
    "pct3ResTime" : 433.0,
    "throughput" : 0.27633469658450316,
    "receivedKBytesPerSec" : 0.06476594451199293,
    "sentKBytesPerSec" : 0.22155350185144246
  },
  "JPS01_T14_Click_BookedOrder" : {
    "transaction" : "JPS01_T14_Click_BookedOrder",
    "sampleCount" : 6,
    "errorCount" : 3,
    "errorPct" : 50.0,
    "meanResTime" : 357.5,
    "medianResTime" : 325.0,
    "minResTime" : 288.0,
    "maxResTime" : 550.0,
    "pct1ResTime" : 550.0,
    "pct2ResTime" : 550.0,
    "pct3ResTime" : 550.0,
    "throughput" : 0.5341404789459627,
    "receivedKBytesPerSec" : 0.7809544144484999,
    "sentKBytesPerSec" : 0.4329458960206534
  },
  "JPS01_T04_Login1/actions/Account.action-167" : {
    "transaction" : "JPS01_T04_Login1/actions/Account.action-167",
    "sampleCount" : 6,
    "errorCount" : 3,
    "errorPct" : 50.0,
    "meanResTime" : 314.8333333333333,
    "medianResTime" : 316.0,
    "minResTime" : 256.0,
    "maxResTime" : 365.0,
    "pct1ResTime" : 365.0,
    "pct2ResTime" : 365.0,
    "pct3ResTime" : 365.0,
    "throughput" : 1.2639561828523278,
    "receivedKBytesPerSec" : 1.283088332104487,
    "sentKBytesPerSec" : 1.502182299346956
  },
  "JPS00_T03_Click_SignIN" : {
    "transaction" : "JPS00_T03_Click_SignIN",
    "sampleCount" : 10,
    "errorCount" : 0,
    "errorPct" : 0.0,
    "meanResTime" : 300.8,
    "medianResTime" : 281.5,
    "minResTime" : 234.0,
    "maxResTime" : 480.0,
    "pct1ResTime" : 468.20000000000005,
    "pct2ResTime" : 480.0,
    "pct3ResTime" : 480.0,
    "throughput" : 2.181500872600349,
    "receivedKBytesPerSec" : 3.820822084969459,
    "sentKBytesPerSec" : 1.8022946662303667
  },
  "JPS00_T01_HomePage_Launch/-146" : {
    "transaction" : "JPS00_T01_HomePage_Launch/-146",
    "sampleCount" : 10,
    "errorCount" : 0,
    "errorPct" : 0.0,
    "meanResTime" : 1833.7,
    "medianResTime" : 1358.5,
    "minResTime" : 934.0,
    "maxResTime" : 3347.0,
    "pct1ResTime" : 3332.2,
    "pct2ResTime" : 3347.0,
    "pct3ResTime" : 3347.0,
    "throughput" : 1.497454327643007,
    "receivedKBytesPerSec" : 1.5281638402216233,
    "sentKBytesPerSec" : 0.9432207434860737
  },
  "JPS02_T04_Click_RegisterNow/actions/Account.action-22" : {
    "transaction" : "JPS02_T04_Click_RegisterNow/actions/Account.action-22",
    "sampleCount" : 4,
    "errorCount" : 0,
    "errorPct" : 0.0,
    "meanResTime" : 255.0,
    "medianResTime" : 258.5,
    "minResTime" : 228.0,
    "maxResTime" : 275.0,
    "pct1ResTime" : 275.0,
    "pct2ResTime" : 275.0,
    "pct3ResTime" : 275.0,
    "throughput" : 2.3121387283236996,
    "receivedKBytesPerSec" : 5.12836434248555,
    "sentKBytesPerSec" : 1.9463511560693643
  },
  "JPS02_T05_EnterDetails_&_Save" : {
    "transaction" : "JPS02_T05_EnterDetails_&_Save",
    "sampleCount" : 4,
    "errorCount" : 0,
    "errorPct" : 0.0,
    "meanResTime" : 617.25,
    "medianResTime" : 605.0,
    "minResTime" : 550.0,
    "maxResTime" : 709.0,
    "pct1ResTime" : 709.0,
    "pct2ResTime" : 709.0,
    "pct3ResTime" : 709.0,
    "throughput" : 1.1951000896325066,
    "receivedKBytesPerSec" : 2.364232428293995,
    "sentKBytesPerSec" : 2.9366900395876905
  },
  "JPS01_T13_Goto_MyOrders" : {
    "transaction" : "JPS01_T13_Goto_MyOrders",
    "sampleCount" : 6,
    "errorCount" : 3,
    "errorPct" : 50.0,
    "meanResTime" : 3929.5,
    "medianResTime" : 3941.0,
    "minResTime" : 280.0,
    "maxResTime" : 7575.0,
    "pct1ResTime" : 7575.0,
    "pct2ResTime" : 7575.0,
    "pct3ResTime" : 7575.0,
    "throughput" : 0.486815415821501,
    "receivedKBytesPerSec" : 178.61038919878297,
    "sentKBytesPerSec" : 0.3884064401622718
  },
  "JPS02_T07_Login1/actions/Account.action-35" : {
    "transaction" : "JPS02_T07_Login1/actions/Account.action-35",
    "sampleCount" : 4,
    "errorCount" : 0,
    "errorPct" : 0.0,
    "meanResTime" : 441.5,
    "medianResTime" : 463.0,
    "minResTime" : 279.0,
    "maxResTime" : 561.0,
    "pct1ResTime" : 561.0,
    "pct2ResTime" : 561.0,
    "pct3ResTime" : 561.0,
    "throughput" : 0.8626266982963123,
    "receivedKBytesPerSec" : 0.2021781324131982,
    "sentKBytesPerSec" : 0.9957273021350012
  },
  "JPS02_T07_Login" : {
    "transaction" : "JPS02_T07_Login",
    "sampleCount" : 4,
    "errorCount" : 0,
    "errorPct" : 0.0,
    "meanResTime" : 814.75,
    "medianResTime" : 881.5,
    "minResTime" : 503.0,
    "maxResTime" : 993.0,
    "pct1ResTime" : 993.0,
    "pct2ResTime" : 993.0,
    "pct3ResTime" : 993.0,
    "throughput" : 0.8168266285480906,
    "receivedKBytesPerSec" : 1.6577831452930365,
    "sentKBytesPerSec" : 1.6033413314274045
  },
  "JPS01_T10_EnterDetails_&_Continue" : {
    "transaction" : "JPS01_T10_EnterDetails_&_Continue",
    "sampleCount" : 6,
    "errorCount" : 0,
    "errorPct" : 0.0,
    "meanResTime" : 398.5,
    "medianResTime" : 379.5,
    "minResTime" : 243.0,
    "maxResTime" : 585.0,
    "pct1ResTime" : 585.0,
    "pct2ResTime" : 585.0,
    "pct3ResTime" : 585.0,
    "throughput" : 0.9246417013407304,
    "receivedKBytesPerSec" : 1.6221863441978734,
    "sentKBytesPerSec" : 1.3178853155339807
  },
  "JPS01_T13_Goto_MyOrders/actions/Order.action-217" : {
    "transaction" : "JPS01_T13_Goto_MyOrders/actions/Order.action-217",
    "sampleCount" : 6,
    "errorCount" : 3,
    "errorPct" : 50.0,
    "meanResTime" : 3929.5,
    "medianResTime" : 3941.0,
    "minResTime" : 280.0,
    "maxResTime" : 7575.0,
    "pct1ResTime" : 7575.0,
    "pct2ResTime" : 7575.0,
    "pct3ResTime" : 7575.0,
    "throughput" : 0.486815415821501,
    "receivedKBytesPerSec" : 178.61038919878297,
    "sentKBytesPerSec" : 0.3884064401622718
  },
  "JPS01_T11_Submit" : {
    "transaction" : "JPS01_T11_Submit",
    "sampleCount" : 6,
    "errorCount" : 3,
    "errorPct" : 50.0,
    "meanResTime" : 416.5,
    "medianResTime" : 406.5,
    "minResTime" : 262.0,
    "maxResTime" : 620.0,
    "pct1ResTime" : 620.0,
    "pct2ResTime" : 620.0,
    "pct3ResTime" : 620.0,
    "throughput" : 0.7655990812811024,
    "receivedKBytesPerSec" : 6.515691790544851,
    "sentKBytesPerSec" : 0.6063484911318107
  },
  "JPS01_T05_Select_A_Pet" : {
    "transaction" : "JPS01_T05_Select_A_Pet",
    "sampleCount" : 6,
    "errorCount" : 0,
    "errorPct" : 0.0,
    "meanResTime" : 285.8333333333333,
    "medianResTime" : 284.0,
    "minResTime" : 246.0,
    "maxResTime" : 338.0,
    "pct1ResTime" : 338.0,
    "pct2ResTime" : 338.0,
    "pct3ResTime" : 338.0,
    "throughput" : 1.0535557506584723,
    "receivedKBytesPerSec" : 1.6197733757682176,
    "sentKBytesPerSec" : 0.8443535996488147
  },
  "JPS01_T08_Add_to_Cart" : {
    "transaction" : "JPS01_T08_Add_to_Cart",
    "sampleCount" : 6,
    "errorCount" : 0,
    "errorPct" : 0.0,
    "meanResTime" : 361.0,
    "medianResTime" : 275.5,
    "minResTime" : 224.0,
    "maxResTime" : 633.0,
    "pct1ResTime" : 633.0,
    "pct2ResTime" : 633.0,
    "pct3ResTime" : 633.0,
    "throughput" : 0.8931229532598988,
    "receivedKBytesPerSec" : 1.7219945482286394,
    "sentKBytesPerSec" : 0.7384545251562965
  },
  "JPS01_T09_Proceed_to_Checkout" : {
    "transaction" : "JPS01_T09_Proceed_to_Checkout",
    "sampleCount" : 6,
    "errorCount" : 3,
    "errorPct" : 50.0,
    "meanResTime" : 344.33333333333337,
    "medianResTime" : 363.0,
    "minResTime" : 248.0,
    "maxResTime" : 407.0,
    "pct1ResTime" : 407.0,
    "pct2ResTime" : 407.0,
    "pct3ResTime" : 407.0,
    "throughput" : 0.9015777610818934,
    "receivedKBytesPerSec" : 1.7864270285499624,
    "sentKBytesPerSec" : 0.7351732719759579
  },
  "JPS01_T08_Add_to_Cart/actions/Cart.action-212" : {
    "transaction" : "JPS01_T08_Add_to_Cart/actions/Cart.action-212",
    "sampleCount" : 6,
    "errorCount" : 0,
    "errorPct" : 0.0,
    "meanResTime" : 361.0,
    "medianResTime" : 275.5,
    "minResTime" : 224.0,
    "maxResTime" : 633.0,
    "pct1ResTime" : 633.0,
    "pct2ResTime" : 633.0,
    "pct3ResTime" : 633.0,
    "throughput" : 0.8931229532598988,
    "receivedKBytesPerSec" : 1.7219945482286394,
    "sentKBytesPerSec" : 0.7384545251562965
  },
  "JPS01_T12_Goto_MyAccount" : {
    "transaction" : "JPS01_T12_Goto_MyAccount",
    "sampleCount" : 6,
    "errorCount" : 0,
    "errorPct" : 0.0,
    "meanResTime" : 285.5,
    "medianResTime" : 268.5,
    "minResTime" : 253.0,
    "maxResTime" : 345.0,
    "pct1ResTime" : 345.0,
    "pct2ResTime" : 345.0,
    "pct3ResTime" : 345.0,
    "throughput" : 0.7956504442381647,
    "receivedKBytesPerSec" : 1.8562587024267339,
    "sentKBytesPerSec" : 0.6449119811696061
  },
  "JPS02_T06_Click_SignIN" : {
    "transaction" : "JPS02_T06_Click_SignIN",
    "sampleCount" : 4,
    "errorCount" : 0,
    "errorPct" : 0.0,
    "meanResTime" : 281.0,
    "medianResTime" : 280.0,
    "minResTime" : 227.0,
    "maxResTime" : 337.0,
    "pct1ResTime" : 337.0,
    "pct2ResTime" : 337.0,
    "pct3ResTime" : 337.0,
    "throughput" : 1.1799410029498525,
    "receivedKBytesPerSec" : 2.080164546460177,
    "sentKBytesPerSec" : 0.9241334808259587
  },
  "JPS00_T02_EnterStore/actions/Catalog.action-151" : {
    "transaction" : "JPS00_T02_EnterStore/actions/Catalog.action-151",
    "sampleCount" : 10,
    "errorCount" : 0,
    "errorPct" : 0.0,
    "meanResTime" : 307.6,
    "medianResTime" : 265.0,
    "minResTime" : 220.0,
    "maxResTime" : 493.0,
    "pct1ResTime" : 492.1,
    "pct2ResTime" : 493.0,
    "pct3ResTime" : 493.0,
    "throughput" : 1.9565642731363726,
    "receivedKBytesPerSec" : 3.6641633853453337,
    "sentKBytesPerSec" : 1.3661557180590882
  },
  "JPS00_T03_Click_SignIN/actions/Account.action;jsessionid=DF462579970A27BA23553BDDC12C3F55-166" : {
    "transaction" : "JPS00_T03_Click_SignIN/actions/Account.action;jsessionid=DF462579970A27BA23553BDDC12C3F55-166",
    "sampleCount" : 10,
    "errorCount" : 0,
    "errorPct" : 0.0,
    "meanResTime" : 300.8,
    "medianResTime" : 281.5,
    "minResTime" : 234.0,
    "maxResTime" : 480.0,
    "pct1ResTime" : 468.20000000000005,
    "pct2ResTime" : 480.0,
    "pct3ResTime" : 480.0,
    "throughput" : 2.181976871045167,
    "receivedKBytesPerSec" : 3.821655779511237,
    "sentKBytesPerSec" : 1.8026879227580186
  },
  "JPS01_T06_Select_A_SubPet" : {
    "transaction" : "JPS01_T06_Select_A_SubPet",
    "sampleCount" : 6,
    "errorCount" : 0,
    "errorPct" : 0.0,
    "meanResTime" : 374.16666666666663,
    "medianResTime" : 376.5,
    "minResTime" : 249.0,
    "maxResTime" : 473.0,
    "pct1ResTime" : 473.0,
    "pct2ResTime" : 473.0,
    "pct3ResTime" : 473.0,
    "throughput" : 1.1021307861866274,
    "receivedKBytesPerSec" : 1.7848634965099193,
    "sentKBytesPerSec" : 0.9173660222263041
  },
  "JPS01_T09_Proceed_to_Checkout/actions/Order.action-213" : {
    "transaction" : "JPS01_T09_Proceed_to_Checkout/actions/Order.action-213",
    "sampleCount" : 6,
    "errorCount" : 3,
    "errorPct" : 50.0,
    "meanResTime" : 344.33333333333337,
    "medianResTime" : 363.0,
    "minResTime" : 248.0,
    "maxResTime" : 407.0,
    "pct1ResTime" : 407.0,
    "pct2ResTime" : 407.0,
    "pct3ResTime" : 407.0,
    "throughput" : 0.9017132551848511,
    "receivedKBytesPerSec" : 1.7866955027051399,
    "sentKBytesPerSec" : 0.735283757889991
  },
  "Total" : {
    "transaction" : "Total",
    "sampleCount" : 146,
    "errorCount" : 15,
    "errorPct" : 10.2739725,
    "meanResTime" : 586.2123287671234,
    "medianResTime" : 314.0,
    "minResTime" : 220.0,
    "maxResTime" : 7575.0,
    "pct1ResTime" : 623.9000000000001,
    "pct2ResTime" : 2086.7500000000055,
    "pct3ResTime" : 7567.48,
    "throughput" : 2.4325224925024993,
    "receivedKBytesPerSec" : 40.876006825849714,
    "sentKBytesPerSec" : 2.1049624083638787
  },
  "JPS02_T06_Click_SignIN/actions/Account.action-33" : {
    "transaction" : "JPS02_T06_Click_SignIN/actions/Account.action-33",
    "sampleCount" : 4,
    "errorCount" : 0,
    "errorPct" : 0.0,
    "meanResTime" : 281.0,
    "medianResTime" : 280.0,
    "minResTime" : 227.0,
    "maxResTime" : 337.0,
    "pct1ResTime" : 337.0,
    "pct2ResTime" : 337.0,
    "pct3ResTime" : 337.0,
    "throughput" : 1.1799410029498525,
    "receivedKBytesPerSec" : 2.080164546460177,
    "sentKBytesPerSec" : 0.9241334808259587
  },
  "JPS01_T12_Goto_MyAccount/actions/Account.action-216" : {
    "transaction" : "JPS01_T12_Goto_MyAccount/actions/Account.action-216",
    "sampleCount" : 6,
    "errorCount" : 0,
    "errorPct" : 0.0,
    "meanResTime" : 285.5,
    "medianResTime" : 268.5,
    "minResTime" : 253.0,
    "maxResTime" : 345.0,
    "pct1ResTime" : 345.0,
    "pct2ResTime" : 345.0,
    "pct3ResTime" : 345.0,
    "throughput" : 0.7956504442381647,
    "receivedKBytesPerSec" : 1.8562587024267339,
    "sentKBytesPerSec" : 0.6449119811696061
  },
  "JPS01_T07_Select_A_SubPet_Type/actions/Catalog.action-197" : {
    "transaction" : "JPS01_T07_Select_A_SubPet_Type/actions/Catalog.action-197",
    "sampleCount" : 6,
    "errorCount" : 0,
    "errorPct" : 0.0,
    "meanResTime" : 347.0,
    "medianResTime" : 329.0,
    "minResTime" : 263.0,
    "maxResTime" : 466.0,
    "pct1ResTime" : 466.0,
    "pct2ResTime" : 466.0,
    "pct3ResTime" : 466.0,
    "throughput" : 1.0445682451253482,
    "receivedKBytesPerSec" : 1.6618903965006964,
    "sentKBytesPerSec" : 0.8626528769150418
  },
  "JPS02_T07_Login2/actions/Catalog.action-36" : {
    "transaction" : "JPS02_T07_Login2/actions/Catalog.action-36",
    "sampleCount" : 4,
    "errorCount" : 0,
    "errorPct" : 0.0,
    "meanResTime" : 373.25,
    "medianResTime" : 345.5,
    "minResTime" : 224.0,
    "maxResTime" : 578.0,
    "pct1ResTime" : 578.0,
    "pct2ResTime" : 578.0,
    "pct3ResTime" : 578.0,
    "throughput" : 0.9225092250922509,
    "receivedKBytesPerSec" : 1.6560572099861623,
    "sentKBytesPerSec" : 0.7459351937269372
  },
  "JPS02_T04_Click_RegisterNow" : {
    "transaction" : "JPS02_T04_Click_RegisterNow",
    "sampleCount" : 4,
    "errorCount" : 0,
    "errorPct" : 0.0,
    "meanResTime" : 255.0,
    "medianResTime" : 258.5,
    "minResTime" : 228.0,
    "maxResTime" : 275.0,
    "pct1ResTime" : 275.0,
    "pct2ResTime" : 275.0,
    "pct3ResTime" : 275.0,
    "throughput" : 2.3121387283236996,
    "receivedKBytesPerSec" : 5.12836434248555,
    "sentKBytesPerSec" : 1.9463511560693643
  },
  "JPS01_T07_Select_A_SubPet_Type" : {
    "transaction" : "JPS01_T07_Select_A_SubPet_Type",
    "sampleCount" : 6,
    "errorCount" : 0,
    "errorPct" : 0.0,
    "meanResTime" : 347.0,
    "medianResTime" : 329.0,
    "minResTime" : 263.0,
    "maxResTime" : 466.0,
    "pct1ResTime" : 466.0,
    "pct2ResTime" : 466.0,
    "pct3ResTime" : 466.0,
    "throughput" : 1.0445682451253482,
    "receivedKBytesPerSec" : 1.6618903965006964,
    "sentKBytesPerSec" : 0.8626528769150418
  },
  "JPS00_T01_HomePage_Launch" : {
    "transaction" : "JPS00_T01_HomePage_Launch",
    "sampleCount" : 10,
    "errorCount" : 0,
    "errorPct" : 0.0,
    "meanResTime" : 1833.7,
    "medianResTime" : 1358.5,
    "minResTime" : 934.0,
    "maxResTime" : 3347.0,
    "pct1ResTime" : 3332.2,
    "pct2ResTime" : 3347.0,
    "pct3ResTime" : 3347.0,
    "throughput" : 1.465201465201465,
    "receivedKBytesPerSec" : 1.495249542124542,
    "sentKBytesPerSec" : 0.9229052197802198
  },
  "JPS00_T02_EnterStore" : {
    "transaction" : "JPS00_T02_EnterStore",
    "sampleCount" : 10,
    "errorCount" : 0,
    "errorPct" : 0.0,
    "meanResTime" : 307.6,
    "medianResTime" : 265.0,
    "minResTime" : 220.0,
    "maxResTime" : 493.0,
    "pct1ResTime" : 492.1,
    "pct2ResTime" : 493.0,
    "pct3ResTime" : 493.0,
    "throughput" : 1.9561815336463224,
    "receivedKBytesPerSec" : 3.663446608470266,
    "sentKBytesPerSec" : 1.365888473200313
  }
}