{
  "https://jpetstore.cfapps.io/logout" : {
    "transaction" : "https://jpetstore.cfapps.io/logout",
    "sampleCount" : 6,
    "errorCount" : 0,
    "errorPct" : 0.0,
    "meanResTime" : 244.16666666666669,
    "medianResTime" : 244.0,
    "minResTime" : 239.0,
    "maxResTime" : 250.0,
    "pct1ResTime" : 247.7,
    "pct2ResTime" : 249.2,
    "pct3ResTime" : 250.0,
    "throughput" : 0.5740528128587831,
    "receivedKBytesPerSec" : 0.35598001578645233,
    "sentKBytesPerSec" : 0.3864391982395714
  },
  "SignOut" : {
    "transaction" : "SignOut",
    "sampleCount" : 6,
    "errorCount" : 0,
    "errorPct" : 0.0,
    "meanResTime" : 2265.666666666667,
    "medianResTime" : 2344.0,
    "minResTime" : 1742.0,
    "maxResTime" : 2688.0,
    "pct1ResTime" : 2496.1,
    "pct2ResTime" : 2612.4,
    "pct3ResTime" : 2688.0,
    "throughput" : 0.4925703965191692,
    "receivedKBytesPerSec" : 29.885089355348494,
    "sentKBytesPerSec" : 5.544062602618833
  },
  "https://jpetstore.cfapps.io/images/logo-topbar.gif" : {
    "transaction" : "https://jpetstore.cfapps.io/images/logo-topbar.gif",
    "sampleCount" : 78,
    "errorCount" : 0,
    "errorPct" : 0.0,
    "meanResTime" : 568.1923076923076,
    "medianResTime" : 255.5,
    "minResTime" : 237.0,
    "maxResTime" : 1357.0,
    "pct1ResTime" : 972.2,
    "pct2ResTime" : 1001.6,
    "pct3ResTime" : 1058.4,
    "throughput" : 3.5842293906810037,
    "receivedKBytesPerSec" : 15.639000896057347,
    "sentKBytesPerSec" : 2.5653052051741567
  },
  "https://jpetstore.cfapps.io/my/account/update?form" : {
    "transaction" : "https://jpetstore.cfapps.io/my/account/update?form",
    "sampleCount" : 2,
    "errorCount" : 0,
    "errorPct" : 0.0,
    "meanResTime" : 247.0,
    "medianResTime" : 247.0,
    "minResTime" : 243.0,
    "maxResTime" : 251.0,
    "pct1ResTime" : 251.0,
    "pct2ResTime" : 251.0,
    "pct3ResTime" : 251.0,
    "throughput" : 1.7873100983020553,
    "receivedKBytesPerSec" : 15.722743521000893,
    "sentKBytesPerSec" : 1.2392482126899016
  },
  "https://jpetstore.cfapps.io/images/dogs_icon.gif" : {
    "transaction" : "https://jpetstore.cfapps.io/images/dogs_icon.gif",
    "sampleCount" : 20,
    "errorCount" : 0,
    "errorPct" : 0.0,
    "meanResTime" : 637.1999999999999,
    "medianResTime" : 729.0,
    "minResTime" : 240.0,
    "maxResTime" : 1071.0,
    "pct1ResTime" : 987.1999999999999,
    "pct2ResTime" : 1001.6,
    "pct3ResTime" : 1045.8000000000002,
    "throughput" : 0.91726288754357,
    "receivedKBytesPerSec" : 1.0095266350210972,
    "sentKBytesPerSec" : 0.645129620711796
  },
  "https://jpetstore.cfapps.io/my/orders" : {
    "transaction" : "https://jpetstore.cfapps.io/my/orders",
    "sampleCount" : 2,
    "errorCount" : 0,
    "errorPct" : 0.0,
    "meanResTime" : 256.5,
    "medianResTime" : 256.5,
    "minResTime" : 252.0,
    "maxResTime" : 261.0,
    "pct1ResTime" : 261.0,
    "pct2ResTime" : 261.0,
    "pct3ResTime" : 261.0,
    "throughput" : 1.7953321364452424,
    "receivedKBytesPerSec" : 16.147469703770195,
    "sentKBytesPerSec" : 1.2360440978456013
  },
  "https://jpetstore.cfapps.io/cart" : {
    "transaction" : "https://jpetstore.cfapps.io/cart",
    "sampleCount" : 6,
    "errorCount" : 0,
    "errorPct" : 0.0,
    "meanResTime" : 248.33333333333334,
    "medianResTime" : 250.0,
    "minResTime" : 241.0,
    "maxResTime" : 254.0,
    "pct1ResTime" : 252.0,
    "pct2ResTime" : 253.2,
    "pct3ResTime" : 254.0,
    "throughput" : 3.931847968545216,
    "receivedKBytesPerSec" : 27.636206790629096,
    "sentKBytesPerSec" : 2.678827408256881
  },
  "https://jpetstore.cfapps.io/images/splash.gif" : {
    "transaction" : "https://jpetstore.cfapps.io/images/splash.gif",
    "sampleCount" : 20,
    "errorCount" : 1,
    "errorPct" : 5.0,
    "meanResTime" : 544.6999999999999,
    "medianResTime" : 498.5,
    "minResTime" : 43.0,
    "maxResTime" : 1251.0,
    "pct1ResTime" : 505.0,
    "pct2ResTime" : 541.2,
    "pct3ResTime" : 1145.2000000000012,
    "throughput" : 0.9325313563668578,
    "receivedKBytesPerSec" : 31.932459959434887,
    "sentKBytesPerSec" : 0.6213536566885812
  },
  "https://jpetstore.cfapps.io/cart?add&itemId=EST-27" : {
    "transaction" : "https://jpetstore.cfapps.io/cart?add&itemId=EST-27",
    "sampleCount" : 1,
    "errorCount" : 0,
    "errorPct" : 0.0,
    "meanResTime" : 246.0,
    "medianResTime" : 246.0,
    "minResTime" : 246.0,
    "maxResTime" : 246.0,
    "pct1ResTime" : 246.0,
    "pct2ResTime" : 246.0,
    "pct3ResTime" : 246.0,
    "throughput" : 4.065040650406504,
    "receivedKBytesPerSec" : 2.171462144308943,
    "sentKBytesPerSec" : 2.8423526422764227
  },
  "https://jpetstore.cfapps.io/catalog/products/AV-SB-02" : {
    "transaction" : "https://jpetstore.cfapps.io/catalog/products/AV-SB-02",
    "sampleCount" : 1,
    "errorCount" : 0,
    "errorPct" : 0.0,
    "meanResTime" : 253.0,
    "medianResTime" : 253.0,
    "minResTime" : 253.0,
    "maxResTime" : 253.0,
    "pct1ResTime" : 253.0,
    "pct2ResTime" : 253.0,
    "pct3ResTime" : 253.0,
    "throughput" : 3.952569169960474,
    "receivedKBytesPerSec" : 20.971004199604742,
    "sentKBytesPerSec" : 2.7868700592885376
  },
  "https://jpetstore.cfapps.io/my/orders/create" : {
    "transaction" : "https://jpetstore.cfapps.io/my/orders/create",
    "sampleCount" : 4,
    "errorCount" : 0,
    "errorPct" : 0.0,
    "meanResTime" : 261.0,
    "medianResTime" : 260.0,
    "minResTime" : 252.0,
    "maxResTime" : 272.0,
    "pct1ResTime" : 269.0,
    "pct2ResTime" : 272.0,
    "pct3ResTime" : 272.0,
    "throughput" : 1.5100037750094375,
    "receivedKBytesPerSec" : 5.735507502831257,
    "sentKBytesPerSec" : 1.4827234333710835
  },
  "https://jpetstore.cfapps.io/login" : {
    "transaction" : "https://jpetstore.cfapps.io/login",
    "sampleCount" : 24,
    "errorCount" : 0,
    "errorPct" : 0.0,
    "meanResTime" : 562.125,
    "medianResTime" : 254.0,
    "minResTime" : 236.0,
    "maxResTime" : 1575.0,
    "pct1ResTime" : 907.5,
    "pct2ResTime" : 946.0,
    "pct3ResTime" : 1018.0,
    "throughput" : 2.230275996654586,
    "receivedKBytesPerSec" : 6.612238349131122,
    "sentKBytesPerSec" : 1.7246160905120342
  },
  "JPS01_T13_Click_BookedOrder-0" : {
    "transaction" : "JPS01_T13_Click_BookedOrder-0",
    "sampleCount" : 2,
    "errorCount" : 0,
    "errorPct" : 0.0,
    "meanResTime" : 1120.5,
    "medianResTime" : 1120.5,
    "minResTime" : 735.0,
    "maxResTime" : 1506.0,
    "pct1ResTime" : 1506.0,
    "pct2ResTime" : 1506.0,
    "pct3ResTime" : 1506.0,
    "throughput" : 1.2911555842479019,
    "receivedKBytesPerSec" : 34.14249112330536,
    "sentKBytesPerSec" : 8.842650500322788
  },
  "https://jpetstore.cfapps.io/images/reptiles_icon.gif" : {
    "transaction" : "https://jpetstore.cfapps.io/images/reptiles_icon.gif",
    "sampleCount" : 20,
    "errorCount" : 0,
    "errorPct" : 0.0,
    "meanResTime" : 705.5999999999999,
    "medianResTime" : 953.5,
    "minResTime" : 241.0,
    "maxResTime" : 1175.0,
    "pct1ResTime" : 989.3,
    "pct2ResTime" : 1063.0,
    "pct3ResTime" : 1131.9,
    "throughput" : 0.9503896597605018,
    "receivedKBytesPerSec" : 1.2325365900019007,
    "sentKBytesPerSec" : 0.6721408121079643
  },
  "JPS00_T01_HomePage_Launch-0" : {
    "transaction" : "JPS00_T01_HomePage_Launch-0",
    "sampleCount" : 10,
    "errorCount" : 0,
    "errorPct" : 0.0,
    "meanResTime" : 2655.4,
    "medianResTime" : 2559.0,
    "minResTime" : 1254.0,
    "maxResTime" : 4321.0,
    "pct1ResTime" : 3559.3,
    "pct2ResTime" : 4168.200000000001,
    "pct3ResTime" : 4320.5,
    "throughput" : 1.6900456312320433,
    "receivedKBytesPerSec" : 13.794337290856854,
    "sentKBytesPerSec" : 1.873243936961298
  },
  "JPS01_T04_Select_A_Sub_Pet-0" : {
    "transaction" : "JPS01_T04_Select_A_Sub_Pet-0",
    "sampleCount" : 6,
    "errorCount" : 0,
    "errorPct" : 0.0,
    "meanResTime" : 1846.3333333333335,
    "medianResTime" : 1749.5,
    "minResTime" : 1517.0,
    "maxResTime" : 2466.0,
    "pct1ResTime" : 1906.6,
    "pct2ResTime" : 2247.6000000000004,
    "pct3ResTime" : 2466.0,
    "throughput" : 2.3166023166023164,
    "receivedKBytesPerSec" : 52.97342543436294,
    "sentKBytesPerSec" : 16.207921090733592
  },
  "https://jpetstore.cfapps.io/catalog/categories/FISH" : {
    "transaction" : "https://jpetstore.cfapps.io/catalog/categories/FISH",
    "sampleCount" : 2,
    "errorCount" : 0,
    "errorPct" : 0.0,
    "meanResTime" : 244.5,
    "medianResTime" : 244.5,
    "minResTime" : 239.0,
    "maxResTime" : 250.0,
    "pct1ResTime" : 250.0,
    "pct2ResTime" : 250.0,
    "pct3ResTime" : 250.0,
    "throughput" : 7.722007722007723,
    "receivedKBytesPerSec" : 40.14086631274131,
    "sentKBytesPerSec" : 5.308880308880309
  },
  "JPS01_T10_Submit-0" : {
    "transaction" : "JPS01_T10_Submit-0",
    "sampleCount" : 2,
    "errorCount" : 0,
    "errorPct" : 0.0,
    "meanResTime" : 1632.5,
    "medianResTime" : 1632.5,
    "minResTime" : 1503.0,
    "maxResTime" : 1762.0,
    "pct1ResTime" : 1762.0,
    "pct2ResTime" : 1762.0,
    "pct3ResTime" : 1762.0,
    "throughput" : 0.8399832003359933,
    "receivedKBytesPerSec" : 24.995652430701387,
    "sentKBytesPerSec" : 6.440554782654347
  },
  "https://jpetstore.cfapps.io/catalog/categories/CATS" : {
    "transaction" : "https://jpetstore.cfapps.io/catalog/categories/CATS",
    "sampleCount" : 2,
    "errorCount" : 0,
    "errorPct" : 0.0,
    "meanResTime" : 255.0,
    "medianResTime" : 255.0,
    "minResTime" : 252.0,
    "maxResTime" : 258.0,
    "pct1ResTime" : 258.0,
    "pct2ResTime" : 258.0,
    "pct3ResTime" : 258.0,
    "throughput" : 5.847953216374268,
    "receivedKBytesPerSec" : 28.046189692982455,
    "sentKBytesPerSec" : 4.02046783625731
  },
  "https://jpetstore.cfapps.io/images/birds_icon.gif" : {
    "transaction" : "https://jpetstore.cfapps.io/images/birds_icon.gif",
    "sampleCount" : 20,
    "errorCount" : 1,
    "errorPct" : 5.0,
    "meanResTime" : 571.5000000000001,
    "medianResTime" : 257.5,
    "minResTime" : 148.0,
    "maxResTime" : 1201.0,
    "pct1ResTime" : 985.0,
    "pct2ResTime" : 1047.4,
    "pct3ResTime" : 1182.0000000000002,
    "throughput" : 0.9102908379227164,
    "receivedKBytesPerSec" : 1.0703917948659596,
    "sentKBytesPerSec" : 0.6099126405261481
  },
  "JPS01_T03_Select_A_Pet" : {
    "transaction" : "JPS01_T03_Select_A_Pet",
    "sampleCount" : 6,
    "errorCount" : 0,
    "errorPct" : 0.0,
    "meanResTime" : 1779.1666666666667,
    "medianResTime" : 1709.5,
    "minResTime" : 1484.0,
    "maxResTime" : 2220.0,
    "pct1ResTime" : 2009.8999999999999,
    "pct2ResTime" : 2149.2000000000003,
    "pct3ResTime" : 2220.0,
    "throughput" : 2.7027027027027026,
    "receivedKBytesPerSec" : 59.43922438063063,
    "sentKBytesPerSec" : 18.48122536599099
  },
  "JPS01_T08_Login" : {
    "transaction" : "JPS01_T08_Login",
    "sampleCount" : 6,
    "errorCount" : 4,
    "errorPct" : 66.666664,
    "meanResTime" : 2762.5,
    "medianResTime" : 2798.0,
    "minResTime" : 2376.0,
    "maxResTime" : 3148.0,
    "pct1ResTime" : 3035.6,
    "pct2ResTime" : 3110.0,
    "pct3ResTime" : 3148.0,
    "throughput" : 1.3100436681222707,
    "receivedKBytesPerSec" : 31.468980281113538,
    "sentKBytesPerSec" : 11.146458788209607
  },
  "JPS01_T12_Click_MyOrders" : {
    "transaction" : "JPS01_T12_Click_MyOrders",
    "sampleCount" : 2,
    "errorCount" : 0,
    "errorPct" : 0.0,
    "meanResTime" : 1472.5,
    "medianResTime" : 1472.5,
    "minResTime" : 1453.0,
    "maxResTime" : 1492.0,
    "pct1ResTime" : 1492.0,
    "pct2ResTime" : 1492.0,
    "pct3ResTime" : 1492.0,
    "throughput" : 0.8669267446900737,
    "receivedKBytesPerSec" : 22.46982688556567,
    "sentKBytesPerSec" : 6.043088968357174
  },
  "JPS01_T12_Click_MyOrders-0" : {
    "transaction" : "JPS01_T12_Click_MyOrders-0",
    "sampleCount" : 2,
    "errorCount" : 0,
    "errorPct" : 0.0,
    "meanResTime" : 1472.5,
    "medianResTime" : 1472.5,
    "minResTime" : 1453.0,
    "maxResTime" : 1492.0,
    "pct1ResTime" : 1492.0,
    "pct2ResTime" : 1492.0,
    "pct3ResTime" : 1492.0,
    "throughput" : 0.8673026886383347,
    "receivedKBytesPerSec" : 22.479570956201215,
    "sentKBytesPerSec" : 6.045709562012142
  },
  "JPS01_T07_Proceed_to_Checkout" : {
    "transaction" : "JPS01_T07_Proceed_to_Checkout",
    "sampleCount" : 6,
    "errorCount" : 0,
    "errorPct" : 0.0,
    "meanResTime" : 1933.8333333333333,
    "medianResTime" : 1953.0,
    "minResTime" : 1676.0,
    "maxResTime" : 2169.0,
    "pct1ResTime" : 1969.4,
    "pct2ResTime" : 2089.8,
    "pct3ResTime" : 2169.0,
    "throughput" : 1.7610801291458762,
    "receivedKBytesPerSec" : 38.88793981141767,
    "sentKBytesPerSec" : 13.161666238626358
  },
  "JPS01_T09_EnterDetails_and_Continue-0" : {
    "transaction" : "JPS01_T09_EnterDetails_and_Continue-0",
    "sampleCount" : 2,
    "errorCount" : 0,
    "errorPct" : 0.0,
    "meanResTime" : 1617.5,
    "medianResTime" : 1617.5,
    "minResTime" : 1480.0,
    "maxResTime" : 1755.0,
    "pct1ResTime" : 1755.0,
    "pct2ResTime" : 1755.0,
    "pct3ResTime" : 1755.0,
    "throughput" : 0.8421052631578948,
    "receivedKBytesPerSec" : 21.81167763157895,
    "sentKBytesPerSec" : 6.329358552631579
  },
  "https://jpetstore.cfapps.io/images/fish_icon.gif" : {
    "transaction" : "https://jpetstore.cfapps.io/images/fish_icon.gif",
    "sampleCount" : 20,
    "errorCount" : 1,
    "errorPct" : 5.0,
    "meanResTime" : 505.74999999999994,
    "medianResTime" : 249.0,
    "minResTime" : 235.0,
    "maxResTime" : 1198.0,
    "pct1ResTime" : 894.9999999999999,
    "pct2ResTime" : 971.4,
    "pct3ResTime" : 1025.9,
    "throughput" : 0.950344499881207,
    "receivedKBytesPerSec" : 1.1021768828700402,
    "sentKBytesPerSec" : 0.6358677090757899
  },
  "JPS01_T03_Select_A_Pet-0" : {
    "transaction" : "JPS01_T03_Select_A_Pet-0",
    "sampleCount" : 6,
    "errorCount" : 0,
    "errorPct" : 0.0,
    "meanResTime" : 1779.1666666666667,
    "medianResTime" : 1709.5,
    "minResTime" : 1484.0,
    "maxResTime" : 2220.0,
    "pct1ResTime" : 2009.8999999999999,
    "pct2ResTime" : 2149.2000000000003,
    "pct3ResTime" : 2220.0,
    "throughput" : 2.7027027027027026,
    "receivedKBytesPerSec" : 59.43922438063063,
    "sentKBytesPerSec" : 18.48122536599099
  },
  "https://jpetstore.cfapps.io/catalog/items/EST-1" : {
    "transaction" : "https://jpetstore.cfapps.io/catalog/items/EST-1",
    "sampleCount" : 1,
    "errorCount" : 0,
    "errorPct" : 0.0,
    "meanResTime" : 260.0,
    "medianResTime" : 260.0,
    "minResTime" : 260.0,
    "maxResTime" : 260.0,
    "pct1ResTime" : 260.0,
    "pct2ResTime" : 260.0,
    "pct3ResTime" : 260.0,
    "throughput" : 3.8461538461538463,
    "receivedKBytesPerSec" : 22.036508413461537,
    "sentKBytesPerSec" : 2.6968149038461537
  },
  "https://jpetstore.cfapps.io/catalog/items/EST-19" : {
    "transaction" : "https://jpetstore.cfapps.io/catalog/items/EST-19",
    "sampleCount" : 1,
    "errorCount" : 0,
    "errorPct" : 0.0,
    "meanResTime" : 264.0,
    "medianResTime" : 264.0,
    "minResTime" : 264.0,
    "maxResTime" : 264.0,
    "pct1ResTime" : 264.0,
    "pct2ResTime" : 264.0,
    "pct3ResTime" : 264.0,
    "throughput" : 3.787878787878788,
    "receivedKBytesPerSec" : 21.669330018939394,
    "sentKBytesPerSec" : 2.659653172348485
  },
  "https://jpetstore.cfapps.io/catalog/categories/DOGS" : {
    "transaction" : "https://jpetstore.cfapps.io/catalog/categories/DOGS",
    "sampleCount" : 1,
    "errorCount" : 0,
    "errorPct" : 0.0,
    "meanResTime" : 254.0,
    "medianResTime" : 254.0,
    "minResTime" : 254.0,
    "maxResTime" : 254.0,
    "pct1ResTime" : 254.0,
    "pct2ResTime" : 254.0,
    "pct3ResTime" : 254.0,
    "throughput" : 3.937007874015748,
    "receivedKBytesPerSec" : 22.118756151574804,
    "sentKBytesPerSec" : 2.706692913385827
  },
  "JPS01_T05_Select_A_Sub_Pet_Type-0" : {
    "transaction" : "JPS01_T05_Select_A_Sub_Pet_Type-0",
    "sampleCount" : 6,
    "errorCount" : 0,
    "errorPct" : 0.0,
    "meanResTime" : 1530.5,
    "medianResTime" : 1508.0,
    "minResTime" : 1473.0,
    "maxResTime" : 1700.0,
    "pct1ResTime" : 1516.2,
    "pct2ResTime" : 1626.8000000000002,
    "pct3ResTime" : 1700.0,
    "throughput" : 2.165283291230603,
    "receivedKBytesPerSec" : 49.052970498015156,
    "sentKBytesPerSec" : 15.186586521111513
  },
  "https://jpetstore.cfapps.io/catalog/items/EST-16" : {
    "transaction" : "https://jpetstore.cfapps.io/catalog/items/EST-16",
    "sampleCount" : 1,
    "errorCount" : 0,
    "errorPct" : 0.0,
    "meanResTime" : 246.0,
    "medianResTime" : 246.0,
    "minResTime" : 246.0,
    "maxResTime" : 246.0,
    "pct1ResTime" : 246.0,
    "pct2ResTime" : 246.0,
    "pct3ResTime" : 246.0,
    "throughput" : 4.065040650406504,
    "receivedKBytesPerSec" : 23.35810467479675,
    "sentKBytesPerSec" : 2.8582317073170733
  },
  "https://jpetstore.cfapps.io/catalog/items/EST-17" : {
    "transaction" : "https://jpetstore.cfapps.io/catalog/items/EST-17",
    "sampleCount" : 1,
    "errorCount" : 0,
    "errorPct" : 0.0,
    "meanResTime" : 253.0,
    "medianResTime" : 253.0,
    "minResTime" : 253.0,
    "maxResTime" : 253.0,
    "pct1ResTime" : 253.0,
    "pct2ResTime" : 253.0,
    "pct3ResTime" : 253.0,
    "throughput" : 3.952569169960474,
    "receivedKBytesPerSec" : 22.684813488142293,
    "sentKBytesPerSec" : 2.7791501976284585
  },
  "https://jpetstore.cfapps.io/cart?add&itemId=EST-1" : {
    "transaction" : "https://jpetstore.cfapps.io/cart?add&itemId=EST-1",
    "sampleCount" : 1,
    "errorCount" : 0,
    "errorPct" : 0.0,
    "meanResTime" : 245.0,
    "medianResTime" : 245.0,
    "minResTime" : 245.0,
    "maxResTime" : 245.0,
    "pct1ResTime" : 245.0,
    "pct2ResTime" : 245.0,
    "pct3ResTime" : 245.0,
    "throughput" : 4.081632653061225,
    "receivedKBytesPerSec" : 2.1803252551020407,
    "sentKBytesPerSec" : 2.845982142857143
  },
  "https://jpetstore.cfapps.io/images/sm_fish.gif" : {
    "transaction" : "https://jpetstore.cfapps.io/images/sm_fish.gif",
    "sampleCount" : 78,
    "errorCount" : 0,
    "errorPct" : 0.0,
    "meanResTime" : 631.1666666666665,
    "medianResTime" : 493.5,
    "minResTime" : 233.0,
    "maxResTime" : 1504.0,
    "pct1ResTime" : 977.3,
    "pct2ResTime" : 992.4,
    "pct3ResTime" : 1032.2,
    "throughput" : 3.5863717872086074,
    "receivedKBytesPerSec" : 3.257154064554692,
    "sentKBytesPerSec" : 2.552829296749276
  },
  "JPS02_T04_Click_RegisterNow-0" : {
    "transaction" : "JPS02_T04_Click_RegisterNow-0",
    "sampleCount" : 4,
    "errorCount" : 0,
    "errorPct" : 0.0,
    "meanResTime" : 1841.5,
    "medianResTime" : 1836.5,
    "minResTime" : 1500.0,
    "maxResTime" : 2193.0,
    "pct1ResTime" : 2063.0,
    "pct2ResTime" : 2193.0,
    "pct3ResTime" : 2193.0,
    "throughput" : 1.3845621322256838,
    "receivedKBytesPerSec" : 35.119066934925584,
    "sentKBytesPerSec" : 9.436385860159225
  },
  "JPS01_T11_Goto_MyAccount" : {
    "transaction" : "JPS01_T11_Goto_MyAccount",
    "sampleCount" : 2,
    "errorCount" : 0,
    "errorPct" : 0.0,
    "meanResTime" : 1477.0,
    "medianResTime" : 1477.0,
    "minResTime" : 1467.0,
    "maxResTime" : 1487.0,
    "pct1ResTime" : 1487.0,
    "pct2ResTime" : 1487.0,
    "pct3ResTime" : 1487.0,
    "throughput" : 0.8536064874093043,
    "receivedKBytesPerSec" : 21.95619264831413,
    "sentKBytesPerSec" : 5.894386203585148
  },
  "https://jpetstore.cfapps.io/images/sm_reptiles.gif" : {
    "transaction" : "https://jpetstore.cfapps.io/images/sm_reptiles.gif",
    "sampleCount" : 78,
    "errorCount" : 2,
    "errorPct" : 2.5641026,
    "meanResTime" : 777.8333333333331,
    "medianResTime" : 972.5,
    "minResTime" : 234.0,
    "maxResTime" : 1783.0,
    "pct1ResTime" : 988.3,
    "pct2ResTime" : 1006.0,
    "pct3ResTime" : 1113.8000000000002,
    "throughput" : 3.4712950600801067,
    "receivedKBytesPerSec" : 3.7399258038495775,
    "sentKBytesPerSec" : 2.413330621384068
  },
  "JPS01_T07_Proceed_to_Checkout-0" : {
    "transaction" : "JPS01_T07_Proceed_to_Checkout-0",
    "sampleCount" : 6,
    "errorCount" : 0,
    "errorPct" : 0.0,
    "meanResTime" : 1933.8333333333333,
    "medianResTime" : 1953.0,
    "minResTime" : 1676.0,
    "maxResTime" : 2169.0,
    "pct1ResTime" : 1969.4,
    "pct2ResTime" : 2089.8,
    "pct3ResTime" : 2169.0,
    "throughput" : 1.7605633802816902,
    "receivedKBytesPerSec" : 38.876529030956576,
    "sentKBytesPerSec" : 13.157804247359156
  },
  "https://jpetstore.cfapps.io/css/jpetstore.css" : {
    "transaction" : "https://jpetstore.cfapps.io/css/jpetstore.css",
    "sampleCount" : 88,
    "errorCount" : 0,
    "errorPct" : 0.0,
    "meanResTime" : 432.81818181818176,
    "medianResTime" : 254.5,
    "minResTime" : 237.0,
    "maxResTime" : 1166.0,
    "pct1ResTime" : 335.79999999999944,
    "pct2ResTime" : 966.6,
    "pct3ResTime" : 984.2,
    "throughput" : 3.795066413662239,
    "receivedKBytesPerSec" : 24.411535600310508,
    "sentKBytesPerSec" : 2.6337033163705366
  },
  "https://jpetstore.cfapps.io/images/cats_icon.gif" : {
    "transaction" : "https://jpetstore.cfapps.io/images/cats_icon.gif",
    "sampleCount" : 20,
    "errorCount" : 0,
    "errorPct" : 0.0,
    "meanResTime" : 566.5499999999998,
    "medianResTime" : 251.0,
    "minResTime" : 234.0,
    "maxResTime" : 1162.0,
    "pct1ResTime" : 955.4,
    "pct2ResTime" : 1034.0,
    "pct3ResTime" : 1125.8000000000002,
    "throughput" : 0.9414422895876483,
    "receivedKBytesPerSec" : 0.9809755107324422,
    "sentKBytesPerSec" : 0.6621354853135003
  },
  "JPS02_T05_EnterDetails_and_Save-0" : {
    "transaction" : "JPS02_T05_EnterDetails_and_Save-0",
    "sampleCount" : 4,
    "errorCount" : 0,
    "errorPct" : 0.0,
    "meanResTime" : 2631.5,
    "medianResTime" : 2555.5,
    "minResTime" : 2367.0,
    "maxResTime" : 3048.0,
    "pct1ResTime" : 2802.0,
    "pct2ResTime" : 3048.0,
    "pct3ResTime" : 3048.0,
    "throughput" : 0.9519276534983341,
    "receivedKBytesPerSec" : 21.13553627736792,
    "sentKBytesPerSec" : 8.763498036649215
  },
  "https://jpetstore.cfapps.io/catalog/products/FI-FW-01" : {
    "transaction" : "https://jpetstore.cfapps.io/catalog/products/FI-FW-01",
    "sampleCount" : 1,
    "errorCount" : 0,
    "errorPct" : 0.0,
    "meanResTime" : 259.0,
    "medianResTime" : 259.0,
    "minResTime" : 259.0,
    "maxResTime" : 259.0,
    "pct1ResTime" : 259.0,
    "pct2ResTime" : 259.0,
    "pct3ResTime" : 259.0,
    "throughput" : 3.8610038610038613,
    "receivedKBytesPerSec" : 23.282909025096526,
    "sentKBytesPerSec" : 2.7223093629343627
  },
  "https://jpetstore.cfapps.io/catalog/items/EST-5" : {
    "transaction" : "https://jpetstore.cfapps.io/catalog/items/EST-5",
    "sampleCount" : 1,
    "errorCount" : 0,
    "errorPct" : 0.0,
    "meanResTime" : 243.0,
    "medianResTime" : 243.0,
    "minResTime" : 243.0,
    "maxResTime" : 243.0,
    "pct1ResTime" : 243.0,
    "pct2ResTime" : 243.0,
    "pct3ResTime" : 243.0,
    "throughput" : 4.11522633744856,
    "receivedKBytesPerSec" : 23.533950617283953,
    "sentKBytesPerSec" : 2.8854809670781894
  },
  "JPS00_T01_HomePage_Launch" : {
    "transaction" : "JPS00_T01_HomePage_Launch",
    "sampleCount" : 10,
    "errorCount" : 0,
    "errorPct" : 0.0,
    "meanResTime" : 2655.4,
    "medianResTime" : 2559.0,
    "minResTime" : 1254.0,
    "maxResTime" : 4321.0,
    "pct1ResTime" : 3559.3,
    "pct2ResTime" : 4168.200000000001,
    "pct3ResTime" : 4320.5,
    "throughput" : 1.6305233980107616,
    "receivedKBytesPerSec" : 13.308510313060493,
    "sentKBytesPerSec" : 1.8072695866623185
  },
  "JPS00_T02_EnterStore" : {
    "transaction" : "JPS00_T02_EnterStore",
    "sampleCount" : 10,
    "errorCount" : 0,
    "errorPct" : 0.0,
    "meanResTime" : 2478.9,
    "medianResTime" : 2465.5,
    "minResTime" : 1762.0,
    "maxResTime" : 2910.0,
    "pct1ResTime" : 2634.1,
    "pct2ResTime" : 2685.4,
    "pct3ResTime" : 2888.8,
    "throughput" : 3.4364261168384878,
    "receivedKBytesPerSec" : 223.47307237972507,
    "sentKBytesPerSec" : 36.871107173539514
  },
  "https://jpetstore.cfapps.io/catalog/products/FL-DLH-02" : {
    "transaction" : "https://jpetstore.cfapps.io/catalog/products/FL-DLH-02",
    "sampleCount" : 2,
    "errorCount" : 0,
    "errorPct" : 0.0,
    "meanResTime" : 251.0,
    "medianResTime" : 251.0,
    "minResTime" : 246.0,
    "maxResTime" : 256.0,
    "pct1ResTime" : 256.0,
    "pct2ResTime" : 256.0,
    "pct3ResTime" : 256.0,
    "throughput" : 5.405405405405405,
    "receivedKBytesPerSec" : 32.87056587837838,
    "sentKBytesPerSec" : 3.8165118243243246
  },
  "https://jpetstore.cfapps.io/images/sm_cats.gif" : {
    "transaction" : "https://jpetstore.cfapps.io/images/sm_cats.gif",
    "sampleCount" : 78,
    "errorCount" : 3,
    "errorPct" : 3.8461537,
    "meanResTime" : 827.7179487179485,
    "medianResTime" : 972.0,
    "minResTime" : 234.0,
    "maxResTime" : 1559.0,
    "pct1ResTime" : 988.3,
    "pct2ResTime" : 995.6,
    "pct3ResTime" : 1131.5000000000002,
    "throughput" : 3.50372832629593,
    "receivedKBytesPerSec" : 3.4914894916224957,
    "sentKBytesPerSec" : 2.3865727613197376
  },
  "https://jpetstore.cfapps.io/catalog" : {
    "transaction" : "https://jpetstore.cfapps.io/catalog",
    "sampleCount" : 20,
    "errorCount" : 0,
    "errorPct" : 0.0,
    "meanResTime" : 254.25000000000003,
    "medianResTime" : 253.0,
    "minResTime" : 245.0,
    "maxResTime" : 273.0,
    "pct1ResTime" : 257.1,
    "pct2ResTime" : 262.8,
    "pct3ResTime" : 269.6,
    "throughput" : 0.9144111192392099,
    "receivedKBytesPerSec" : 6.0519460526015,
    "sentKBytesPerSec" : 0.5770434230980249
  },
  "JPS01_T13_Click_BookedOrder" : {
    "transaction" : "JPS01_T13_Click_BookedOrder",
    "sampleCount" : 2,
    "errorCount" : 0,
    "errorPct" : 0.0,
    "meanResTime" : 1120.5,
    "medianResTime" : 1120.5,
    "minResTime" : 735.0,
    "maxResTime" : 1506.0,
    "pct1ResTime" : 1506.0,
    "pct2ResTime" : 1506.0,
    "pct3ResTime" : 1506.0,
    "throughput" : 1.2911555842479019,
    "receivedKBytesPerSec" : 34.14249112330536,
    "sentKBytesPerSec" : 8.842650500322788
  },
  "https://jpetstore.cfapps.io/cart?add&itemId=EST-5" : {
    "transaction" : "https://jpetstore.cfapps.io/cart?add&itemId=EST-5",
    "sampleCount" : 1,
    "errorCount" : 0,
    "errorPct" : 0.0,
    "meanResTime" : 249.0,
    "medianResTime" : 249.0,
    "minResTime" : 249.0,
    "maxResTime" : 249.0,
    "pct1ResTime" : 249.0,
    "pct2ResTime" : 249.0,
    "pct3ResTime" : 249.0,
    "throughput" : 4.016064257028112,
    "receivedKBytesPerSec" : 2.1452999497991967,
    "sentKBytesPerSec" : 2.8002635542168677
  },
  "https://jpetstore.cfapps.io/images/separator.gif" : {
    "transaction" : "https://jpetstore.cfapps.io/images/separator.gif",
    "sampleCount" : 78,
    "errorCount" : 0,
    "errorPct" : 0.0,
    "meanResTime" : 565.98717948718,
    "medianResTime" : 259.0,
    "minResTime" : 236.0,
    "maxResTime" : 1185.0,
    "pct1ResTime" : 961.5,
    "pct2ResTime" : 984.6,
    "pct3ResTime" : 1015.3000000000001,
    "throughput" : 3.5855474855199043,
    "receivedKBytesPerSec" : 2.465063896294934,
    "sentKBytesPerSec" : 2.5592455697802703
  },
  "https://jpetstore.cfapps.io/accounts/create?form" : {
    "transaction" : "https://jpetstore.cfapps.io/accounts/create?form",
    "sampleCount" : 4,
    "errorCount" : 0,
    "errorPct" : 0.0,
    "meanResTime" : 249.5,
    "medianResTime" : 251.0,
    "minResTime" : 239.0,
    "maxResTime" : 257.0,
    "pct1ResTime" : 254.0,
    "pct2ResTime" : 257.0,
    "pct3ResTime" : 257.0,
    "throughput" : 3.8498556304138596,
    "receivedKBytesPerSec" : 32.49255594321463,
    "sentKBytesPerSec" : 2.6279776227141483
  },
  "JPS02_T06_Login-0" : {
    "transaction" : "JPS02_T06_Login-0",
    "sampleCount" : 4,
    "errorCount" : 0,
    "errorPct" : 0.0,
    "meanResTime" : 3470.0,
    "medianResTime" : 3426.5,
    "minResTime" : 2947.0,
    "maxResTime" : 4080.0,
    "pct1ResTime" : 3762.0,
    "pct2ResTime" : 4080.0,
    "pct3ResTime" : 4080.0,
    "throughput" : 0.6984459577440195,
    "receivedKBytesPerSec" : 45.92486795006111,
    "sentKBytesPerSec" : 9.446072332809498
  },
  "https://jpetstore.cfapps.io/images/cart.gif" : {
    "transaction" : "https://jpetstore.cfapps.io/images/cart.gif",
    "sampleCount" : 78,
    "errorCount" : 0,
    "errorPct" : 0.0,
    "meanResTime" : 548.8333333333334,
    "medianResTime" : 253.0,
    "minResTime" : 236.0,
    "maxResTime" : 1197.0,
    "pct1ResTime" : 971.3,
    "pct2ResTime" : 990.6,
    "pct3ResTime" : 1005.3000000000001,
    "throughput" : 3.5847235626637253,
    "receivedKBytesPerSec" : 2.639532779539501,
    "sentKBytesPerSec" : 2.5411539477917184
  },
  "https://jpetstore.cfapps.io/my/orders/create?form" : {
    "transaction" : "https://jpetstore.cfapps.io/my/orders/create?form",
    "sampleCount" : 8,
    "errorCount" : 0,
    "errorPct" : 0.0,
    "meanResTime" : 246.75,
    "medianResTime" : 248.5,
    "minResTime" : 232.0,
    "maxResTime" : 252.0,
    "pct1ResTime" : 250.3,
    "pct2ResTime" : 251.2,
    "pct3ResTime" : 252.0,
    "throughput" : 2.039255671679837,
    "receivedKBytesPerSec" : 5.050841989548815,
    "sentKBytesPerSec" : 1.4482897336222278
  },
  "https://jpetstore.cfapps.io/images/sm_dogs.gif" : {
    "transaction" : "https://jpetstore.cfapps.io/images/sm_dogs.gif",
    "sampleCount" : 78,
    "errorCount" : 0,
    "errorPct" : 0.0,
    "meanResTime" : 628.897435897436,
    "medianResTime" : 487.0,
    "minResTime" : 235.0,
    "maxResTime" : 1234.0,
    "pct1ResTime" : 986.0,
    "pct2ResTime" : 999.6,
    "pct3ResTime" : 1065.8000000000002,
    "throughput" : 3.5848883169408956,
    "receivedKBytesPerSec" : 3.3783371346171522,
    "sentKBytesPerSec" : 2.5517733419891537
  },
  "https://jpetstore.cfapps.io/images/sm_birds.gif" : {
    "transaction" : "https://jpetstore.cfapps.io/images/sm_birds.gif",
    "sampleCount" : 78,
    "errorCount" : 2,
    "errorPct" : 2.5641026,
    "meanResTime" : 774.0897435897434,
    "medianResTime" : 957.0,
    "minResTime" : 237.0,
    "maxResTime" : 1533.0,
    "pct1ResTime" : 983.3,
    "pct2ResTime" : 1003.2,
    "pct3ResTime" : 1193.4,
    "throughput" : 3.541269408880414,
    "receivedKBytesPerSec" : 3.3173685360483067,
    "sentKBytesPerSec" : 2.4513820314628165
  },
  "https://jpetstore.cfapps.io/catalog/items/EST-27" : {
    "transaction" : "https://jpetstore.cfapps.io/catalog/items/EST-27",
    "sampleCount" : 1,
    "errorCount" : 0,
    "errorPct" : 0.0,
    "meanResTime" : 260.0,
    "medianResTime" : 260.0,
    "minResTime" : 260.0,
    "maxResTime" : 260.0,
    "pct1ResTime" : 260.0,
    "pct2ResTime" : 260.0,
    "pct3ResTime" : 260.0,
    "throughput" : 3.8461538461538463,
    "receivedKBytesPerSec" : 22.010216346153847,
    "sentKBytesPerSec" : 2.7005709134615383
  },
  "JPS02_T03_Click_SignIN-0" : {
    "transaction" : "JPS02_T03_Click_SignIN-0",
    "sampleCount" : 4,
    "errorCount" : 0,
    "errorPct" : 0.0,
    "meanResTime" : 1801.25,
    "medianResTime" : 1745.5,
    "minResTime" : 1558.0,
    "maxResTime" : 2156.0,
    "pct1ResTime" : 1964.5,
    "pct2ResTime" : 2156.0,
    "pct3ResTime" : 2156.0,
    "throughput" : 1.7152658662092624,
    "receivedKBytesPerSec" : 37.007196076329336,
    "sentKBytesPerSec" : 11.69864922813036
  },
  "JPS02_T05_EnterDetails_and_Save" : {
    "transaction" : "JPS02_T05_EnterDetails_and_Save",
    "sampleCount" : 4,
    "errorCount" : 0,
    "errorPct" : 0.0,
    "meanResTime" : 2631.5,
    "medianResTime" : 2555.5,
    "minResTime" : 2367.0,
    "maxResTime" : 3048.0,
    "pct1ResTime" : 2802.0,
    "pct2ResTime" : 3048.0,
    "pct3ResTime" : 3048.0,
    "throughput" : 0.9517011658339282,
    "receivedKBytesPerSec" : 21.130507598738994,
    "sentKBytesPerSec" : 8.761412978824648
  },
  "JPS02_T06_Login" : {
    "transaction" : "JPS02_T06_Login",
    "sampleCount" : 4,
    "errorCount" : 0,
    "errorPct" : 0.0,
    "meanResTime" : 3470.0,
    "medianResTime" : 3426.5,
    "minResTime" : 2947.0,
    "maxResTime" : 4080.0,
    "pct1ResTime" : 3762.0,
    "pct2ResTime" : 4080.0,
    "pct3ResTime" : 4080.0,
    "throughput" : 0.6983240223463687,
    "receivedKBytesPerSec" : 45.916850340432966,
    "sentKBytesPerSec" : 9.444423228002794
  },
  "JPS01_T04_Select_A_Sub_Pet" : {
    "transaction" : "JPS01_T04_Select_A_Sub_Pet",
    "sampleCount" : 6,
    "errorCount" : 0,
    "errorPct" : 0.0,
    "meanResTime" : 1846.3333333333335,
    "medianResTime" : 1749.5,
    "minResTime" : 1517.0,
    "maxResTime" : 2466.0,
    "pct1ResTime" : 1906.6,
    "pct2ResTime" : 2247.6000000000004,
    "pct3ResTime" : 2466.0,
    "throughput" : 2.317497103128621,
    "receivedKBytesPerSec" : 52.99388639436076,
    "sentKBytesPerSec" : 16.21418139242951
  },
  "https://jpetstore.cfapps.io/catalog/products/K9-CW-01" : {
    "transaction" : "https://jpetstore.cfapps.io/catalog/products/K9-CW-01",
    "sampleCount" : 1,
    "errorCount" : 0,
    "errorPct" : 0.0,
    "meanResTime" : 244.0,
    "medianResTime" : 244.0,
    "minResTime" : 244.0,
    "maxResTime" : 244.0,
    "pct1ResTime" : 244.0,
    "pct2ResTime" : 244.0,
    "pct3ResTime" : 244.0,
    "throughput" : 4.0983606557377055,
    "receivedKBytesPerSec" : 24.946369108606557,
    "sentKBytesPerSec" : 2.8896644467213117
  },
  "JPS01_T06_Add_to_Cart-0" : {
    "transaction" : "JPS01_T06_Add_to_Cart-0",
    "sampleCount" : 6,
    "errorCount" : 0,
    "errorPct" : 0.0,
    "meanResTime" : 1806.1666666666667,
    "medianResTime" : 1755.5,
    "minResTime" : 1723.0,
    "maxResTime" : 1947.0,
    "pct1ResTime" : 1914.8999999999999,
    "pct2ResTime" : 1940.6,
    "pct3ResTime" : 1947.0,
    "throughput" : 1.8598884066955983,
    "receivedKBytesPerSec" : 45.54456224814011,
    "sentKBytesPerSec" : 14.212526154680718
  },
  "https://jpetstore.cfapps.io/login?error" : {
    "transaction" : "https://jpetstore.cfapps.io/login?error",
    "sampleCount" : 4,
    "errorCount" : 0,
    "errorPct" : 0.0,
    "meanResTime" : 248.0,
    "medianResTime" : 246.5,
    "minResTime" : 246.0,
    "maxResTime" : 253.0,
    "pct1ResTime" : 250.0,
    "pct2ResTime" : 253.0,
    "pct3ResTime" : 253.0,
    "throughput" : 2.3923444976076556,
    "receivedKBytesPerSec" : 11.305813584031101,
    "sentKBytesPerSec" : 1.873691686602871
  },
  "https://jpetstore.cfapps.io/catalog/products/FI-SW-01" : {
    "transaction" : "https://jpetstore.cfapps.io/catalog/products/FI-SW-01",
    "sampleCount" : 1,
    "errorCount" : 0,
    "errorPct" : 0.0,
    "meanResTime" : 264.0,
    "medianResTime" : 264.0,
    "minResTime" : 264.0,
    "maxResTime" : 264.0,
    "pct1ResTime" : 264.0,
    "pct2ResTime" : 264.0,
    "pct3ResTime" : 264.0,
    "throughput" : 3.787878787878788,
    "receivedKBytesPerSec" : 22.98251065340909,
    "sentKBytesPerSec" : 2.670750473484848
  },
  "SignOut-0" : {
    "transaction" : "SignOut-0",
    "sampleCount" : 6,
    "errorCount" : 0,
    "errorPct" : 0.0,
    "meanResTime" : 2265.666666666667,
    "medianResTime" : 2344.0,
    "minResTime" : 1742.0,
    "maxResTime" : 2688.0,
    "pct1ResTime" : 2496.1,
    "pct2ResTime" : 2612.4,
    "pct3ResTime" : 2688.0,
    "throughput" : 0.4925703965191692,
    "receivedKBytesPerSec" : 29.885089355348494,
    "sentKBytesPerSec" : 5.544062602618833
  },
  "https://jpetstore.cfapps.io/my/orders/1037" : {
    "transaction" : "https://jpetstore.cfapps.io/my/orders/1037",
    "sampleCount" : 2,
    "errorCount" : 0,
    "errorPct" : 0.0,
    "meanResTime" : 260.0,
    "medianResTime" : 260.0,
    "minResTime" : 259.0,
    "maxResTime" : 261.0,
    "pct1ResTime" : 261.0,
    "pct2ResTime" : 261.0,
    "pct3ResTime" : 261.0,
    "throughput" : 0.4445432318292954,
    "receivedKBytesPerSec" : 4.25723945599022,
    "sentKBytesPerSec" : 0.32841499499888865
  },
  "https://jpetstore.cfapps.io/" : {
    "transaction" : "https://jpetstore.cfapps.io/",
    "sampleCount" : 10,
    "errorCount" : 0,
    "errorPct" : 0.0,
    "meanResTime" : 2261.2,
    "medianResTime" : 2136.0,
    "minResTime" : 976.0,
    "maxResTime" : 3900.0,
    "pct1ResTime" : 3136.3,
    "pct2ResTime" : 3750.8000000000006,
    "pct3ResTime" : 3900.0,
    "throughput" : 1.7658484901995408,
    "receivedKBytesPerSec" : 3.1643866987462475,
    "sentKBytesPerSec" : 0.9639739316616633
  },
  "https://jpetstore.cfapps.io/cart?add&itemId=EST-19" : {
    "transaction" : "https://jpetstore.cfapps.io/cart?add&itemId=EST-19",
    "sampleCount" : 1,
    "errorCount" : 0,
    "errorPct" : 0.0,
    "meanResTime" : 235.0,
    "medianResTime" : 235.0,
    "minResTime" : 235.0,
    "maxResTime" : 235.0,
    "pct1ResTime" : 235.0,
    "pct2ResTime" : 235.0,
    "pct3ResTime" : 235.0,
    "throughput" : 4.25531914893617,
    "receivedKBytesPerSec" : 2.2731050531914896,
    "sentKBytesPerSec" : 2.975398936170213
  },
  "https://jpetstore.cfapps.io/cart?add&itemId=EST-16" : {
    "transaction" : "https://jpetstore.cfapps.io/cart?add&itemId=EST-16",
    "sampleCount" : 1,
    "errorCount" : 0,
    "errorPct" : 0.0,
    "meanResTime" : 253.0,
    "medianResTime" : 253.0,
    "minResTime" : 253.0,
    "maxResTime" : 253.0,
    "pct1ResTime" : 253.0,
    "pct2ResTime" : 253.0,
    "pct3ResTime" : 253.0,
    "throughput" : 3.952569169960474,
    "receivedKBytesPerSec" : 2.1113821640316206,
    "sentKBytesPerSec" : 2.7637104743083003
  },
  "https://jpetstore.cfapps.io/my/orders/1038" : {
    "transaction" : "https://jpetstore.cfapps.io/my/orders/1038",
    "sampleCount" : 2,
    "errorCount" : 0,
    "errorPct" : 0.0,
    "meanResTime" : 254.0,
    "medianResTime" : 254.0,
    "minResTime" : 244.0,
    "maxResTime" : 264.0,
    "pct1ResTime" : 264.0,
    "pct2ResTime" : 264.0,
    "pct3ResTime" : 264.0,
    "throughput" : 0.42927666881305,
    "receivedKBytesPerSec" : 4.109569515990556,
    "sentKBytesPerSec" : 0.31713652339557846
  },
  "https://jpetstore.cfapps.io/catalog/categories/BIRDS" : {
    "transaction" : "https://jpetstore.cfapps.io/catalog/categories/BIRDS",
    "sampleCount" : 1,
    "errorCount" : 0,
    "errorPct" : 0.0,
    "meanResTime" : 252.0,
    "medianResTime" : 252.0,
    "minResTime" : 252.0,
    "maxResTime" : 252.0,
    "pct1ResTime" : 252.0,
    "pct2ResTime" : 252.0,
    "pct3ResTime" : 252.0,
    "throughput" : 3.968253968253968,
    "receivedKBytesPerSec" : 19.046843998015873,
    "sentKBytesPerSec" : 2.7320498511904763
  },
  "https://jpetstore.cfapps.io/cart?add&itemId=EST-17" : {
    "transaction" : "https://jpetstore.cfapps.io/cart?add&itemId=EST-17",
    "sampleCount" : 1,
    "errorCount" : 0,
    "errorPct" : 0.0,
    "meanResTime" : 240.0,
    "medianResTime" : 240.0,
    "minResTime" : 240.0,
    "maxResTime" : 240.0,
    "pct1ResTime" : 240.0,
    "pct2ResTime" : 240.0,
    "pct3ResTime" : 240.0,
    "throughput" : 4.166666666666667,
    "receivedKBytesPerSec" : 2.225748697916667,
    "sentKBytesPerSec" : 2.9134114583333335
  },
  "JPS01_T09_EnterDetails_and_Continue" : {
    "transaction" : "JPS01_T09_EnterDetails_and_Continue",
    "sampleCount" : 2,
    "errorCount" : 0,
    "errorPct" : 0.0,
    "meanResTime" : 1617.5,
    "medianResTime" : 1617.5,
    "minResTime" : 1480.0,
    "maxResTime" : 1755.0,
    "pct1ResTime" : 1755.0,
    "pct2ResTime" : 1755.0,
    "pct3ResTime" : 1755.0,
    "throughput" : 0.8417508417508417,
    "receivedKBytesPerSec" : 21.802497632575758,
    "sentKBytesPerSec" : 6.326694681186869
  },
  "JPS00_T02_EnterStore-0" : {
    "transaction" : "JPS00_T02_EnterStore-0",
    "sampleCount" : 10,
    "errorCount" : 0,
    "errorPct" : 0.0,
    "meanResTime" : 2478.9,
    "medianResTime" : 2465.5,
    "minResTime" : 1762.0,
    "maxResTime" : 2910.0,
    "pct1ResTime" : 2634.1,
    "pct2ResTime" : 2685.4,
    "pct3ResTime" : 2888.8,
    "throughput" : 3.431708991077557,
    "receivedKBytesPerSec" : 223.16631455902538,
    "sentKBytesPerSec" : 36.82049480954015
  },
  "Total" : {
    "transaction" : "Total",
    "sampleCount" : 1042,
    "errorCount" : 14,
    "errorPct" : 1.3435701,
    "meanResTime" : 742.3243761996155,
    "medianResTime" : 498.5,
    "minResTime" : 43.0,
    "maxResTime" : 4321.0,
    "pct1ResTime" : 984.0999999999999,
    "pct2ResTime" : 1013.4000000000001,
    "pct3ResTime" : 1249.2000000000003,
    "throughput" : 36.60764474423834,
    "receivedKBytesPerSec" : 191.93748572758574,
    "sentKBytesPerSec" : 47.07865637296234
  },
  "JPS01_T05_Select_A_Sub_Pet_Type" : {
    "transaction" : "JPS01_T05_Select_A_Sub_Pet_Type",
    "sampleCount" : 6,
    "errorCount" : 0,
    "errorPct" : 0.0,
    "meanResTime" : 1530.5,
    "medianResTime" : 1508.0,
    "minResTime" : 1473.0,
    "maxResTime" : 1700.0,
    "pct1ResTime" : 1516.2,
    "pct2ResTime" : 1626.8000000000002,
    "pct3ResTime" : 1700.0,
    "throughput" : 2.165283291230603,
    "receivedKBytesPerSec" : 49.052970498015156,
    "sentKBytesPerSec" : 15.186586521111513
  },
  "https://jpetstore.cfapps.io/accounts/create" : {
    "transaction" : "https://jpetstore.cfapps.io/accounts/create",
    "sampleCount" : 4,
    "errorCount" : 0,
    "errorPct" : 0.0,
    "meanResTime" : 976.0,
    "medianResTime" : 981.5,
    "minResTime" : 875.0,
    "maxResTime" : 1066.0,
    "pct1ResTime" : 1060.0,
    "pct2ResTime" : 1066.0,
    "pct3ResTime" : 1066.0,
    "throughput" : 1.971414489896501,
    "receivedKBytesPerSec" : 1.0550147856086742,
    "sentKBytesPerSec" : 2.296774889107935
  },
  "JPS01_T08_Login-0" : {
    "transaction" : "JPS01_T08_Login-0",
    "sampleCount" : 6,
    "errorCount" : 4,
    "errorPct" : 66.666664,
    "meanResTime" : 2762.5,
    "medianResTime" : 2798.0,
    "minResTime" : 2376.0,
    "maxResTime" : 3148.0,
    "pct1ResTime" : 3035.6,
    "pct2ResTime" : 3110.0,
    "pct3ResTime" : 3148.0,
    "throughput" : 1.309757694826457,
    "receivedKBytesPerSec" : 31.462110824601613,
    "sentKBytesPerSec" : 11.144025594848285
  },
  "JPS01_T10_Submit" : {
    "transaction" : "JPS01_T10_Submit",
    "sampleCount" : 2,
    "errorCount" : 0,
    "errorPct" : 0.0,
    "meanResTime" : 1632.5,
    "medianResTime" : 1632.5,
    "minResTime" : 1503.0,
    "maxResTime" : 1762.0,
    "pct1ResTime" : 1762.0,
    "pct2ResTime" : 1762.0,
    "pct3ResTime" : 1762.0,
    "throughput" : 0.8396305625524769,
    "receivedKBytesPerSec" : 24.985158873845506,
    "sentKBytesPerSec" : 6.437850939336691
  },
  "JPS01_T11_Goto_MyAccount-0" : {
    "transaction" : "JPS01_T11_Goto_MyAccount-0",
    "sampleCount" : 2,
    "errorCount" : 0,
    "errorPct" : 0.0,
    "meanResTime" : 1477.0,
    "medianResTime" : 1477.0,
    "minResTime" : 1467.0,
    "maxResTime" : 1487.0,
    "pct1ResTime" : 1487.0,
    "pct2ResTime" : 1487.0,
    "pct3ResTime" : 1487.0,
    "throughput" : 0.8536064874093043,
    "receivedKBytesPerSec" : 21.95619264831413,
    "sentKBytesPerSec" : 5.894386203585148
  },
  "JPS02_T04_Click_RegisterNow" : {
    "transaction" : "JPS02_T04_Click_RegisterNow",
    "sampleCount" : 4,
    "errorCount" : 0,
    "errorPct" : 0.0,
    "meanResTime" : 1841.5,
    "medianResTime" : 1836.5,
    "minResTime" : 1500.0,
    "maxResTime" : 2193.0,
    "pct1ResTime" : 2063.0,
    "pct2ResTime" : 2193.0,
    "pct3ResTime" : 2193.0,
    "throughput" : 1.3845621322256838,
    "receivedKBytesPerSec" : 35.119066934925584,
    "sentKBytesPerSec" : 9.436385860159225
  },
  "JPS02_T03_Click_SignIN" : {
    "transaction" : "JPS02_T03_Click_SignIN",
    "sampleCount" : 4,
    "errorCount" : 0,
    "errorPct" : 0.0,
    "meanResTime" : 1801.25,
    "medianResTime" : 1745.5,
    "minResTime" : 1558.0,
    "maxResTime" : 2156.0,
    "pct1ResTime" : 1964.5,
    "pct2ResTime" : 2156.0,
    "pct3ResTime" : 2156.0,
    "throughput" : 1.7152658662092624,
    "receivedKBytesPerSec" : 37.007196076329336,
    "sentKBytesPerSec" : 11.69864922813036
  },
  "JPS01_T06_Add_to_Cart" : {
    "transaction" : "JPS01_T06_Add_to_Cart",
    "sampleCount" : 6,
    "errorCount" : 0,
    "errorPct" : 0.0,
    "meanResTime" : 1806.1666666666667,
    "medianResTime" : 1755.5,
    "minResTime" : 1723.0,
    "maxResTime" : 1947.0,
    "pct1ResTime" : 1914.8999999999999,
    "pct2ResTime" : 1940.6,
    "pct3ResTime" : 1947.0,
    "throughput" : 1.8598884066955983,
    "receivedKBytesPerSec" : 45.54456224814011,
    "sentKBytesPerSec" : 14.212526154680718
  }
}