timeStamp,elapsed,label,responseCode,responseMessage,threadName,dataType,success,failureMessage,bytes,sentBytes,grpThreads,allThreads,URL,Latency,IdleTime,Connect
29/01/2019 23:13:05,295,01_Launching_the_Page,200,"Number of samples in transaction : 2, number of failing samples : 0",Thread Group 1-1,,true,,2777,977,1,1,null,0,0,0
29/01/2019 23:13:05,176,01_Launching_the_Page-0,200,OK,Thread Group 1-1,text,true,,1026,468,1,1,http://localhost:1080/cgi-bin/welcome.pl?signOff=true,176,0,1
29/01/2019 23:13:06,116,01_Launching_the_Page-1,200,OK,Thread Group 1-1,text,true,,1751,509,1,1,http://localhost:1080/cgi-bin/nav.pl?in=home,116,0,0
29/01/2019 23:13:06,278,02_Login,200,"Number of samples in transaction : 3, number of failing samples : 0",Thread Group 1-1,,true,,3758,1961,1,1,null,0,0,0
29/01/2019 23:13:06,84,02_Login-0,200,OK,Thread Group 1-1,text,true,,851,738,1,1,http://localhost:1080/cgi-bin/login.pl,84,0,0
29/01/2019 23:13:06,97,02_Login-1,200,OK,Thread Group 1-1,text,true,,1749,614,1,1,http://localhost:1080/cgi-bin/nav.pl?page=menu&in=home,97,0,0
29/01/2019 23:13:06,95,02_Login-2,200,OK,Thread Group 1-1,text,true,,1158,609,1,1,http://localhost:1080/cgi-bin/login.pl?intro=true,95,0,0
29/01/2019 23:13:06,387,03_clicking_Flights_option,200,"Number of samples in transaction : 3, number of failing samples : 0",Thread Group 1-1,,true,,7112,1891,1,1,null,0,0,0
29/01/2019 23:13:06,90,03_clicking_Flights_option-0,200,OK,Thread Group 1-1,text,true,,843,628,1,1,http://localhost:1080/cgi-bin/welcome.pl?page=search,90,0,0
29/01/2019 23:13:06,94,03_clicking_Flights_option-1,200,OK,Thread Group 1-1,text,true,,1749,631,1,1,http://localhost:1080/cgi-bin/nav.pl?page=menu&in=flights,94,0,0
29/01/2019 23:13:06,201,03_clicking_Flights_option-2,200,OK,Thread Group 1-1,text,true,,4520,632,1,1,http://localhost:1080/cgi-bin/reservations.pl?page=welcome,201,0,0
29/01/2019 23:13:06,101,04_ entering_Details_for_Finding_Flights,200,"Number of samples in transaction : 1, number of failing samples : 0",Thread Group 1-1,,true,,2712,991,1,1,null,0,0,0
29/01/2019 23:13:06,99,04_ entering_Details_for_Finding_Flights-0,200,OK,Thread Group 1-1,text,true,,2712,991,1,1,http://localhost:1080/cgi-bin/reservations.pl,99,0,0
29/01/2019 23:13:07,104,05_choosing_from_Flights,200,"Number of samples in transaction : 1, number of failing samples : 0",Thread Group 1-1,,true,,3312,884,1,1,null,0,0,0
29/01/2019 23:13:07,104,05_choosing_from_Flights-0,200,OK,Thread Group 1-1,text,true,,3312,884,1,1,http://localhost:1080/cgi-bin/reservations.pl,104,0,0
29/01/2019 23:13:07,105,06_entering_Payment_Details_and_TicketBooked,200,"Number of samples in transaction : 1, number of failing samples : 0",Thread Group 1-1,,true,,2861,1055,1,1,null,0,0,0
29/01/2019 23:13:07,105,06_entering_Payment_Details_and_TicketBooked-0,200,OK,Thread Group 1-1,text,true,,2861,1055,1,1,http://localhost:1080/cgi-bin/reservations.pl,105,0,0
29/01/2019 23:13:07,283,03_clicking_Flights_option,200,"Number of samples in transaction : 3, number of failing samples : 0",Thread Group 1-1,,true,,7112,1819,1,1,null,0,0,0
29/01/2019 23:13:07,82,03_clicking_Flights_option-0,200,OK,Thread Group 1-1,text,true,,843,604,1,1,http://localhost:1080/cgi-bin/welcome.pl?page=search,82,0,0
29/01/2019 23:13:07,95,03_clicking_Flights_option-1,200,OK,Thread Group 1-1,text,true,,1749,607,1,1,http://localhost:1080/cgi-bin/nav.pl?page=menu&in=flights,95,0,0
29/01/2019 23:13:07,105,03_clicking_Flights_option-2,200,OK,Thread Group 1-1,text,true,,4520,608,1,1,http://localhost:1080/cgi-bin/reservations.pl?page=welcome,105,0,0
29/01/2019 23:13:07,105,04_ entering_Details_for_Finding_Flights,200,"Number of samples in transaction : 1, number of failing samples : 0",Thread Group 1-1,,true,,2712,967,1,1,null,0,0,0
29/01/2019 23:13:07,103,04_ entering_Details_for_Finding_Flights-0,200,OK,Thread Group 1-1,text,true,,2712,967,1,1,http://localhost:1080/cgi-bin/reservations.pl,103,0,0
29/01/2019 23:13:07,100,05_choosing_from_Flights,200,"Number of samples in transaction : 1, number of failing samples : 0",Thread Group 1-1,,true,,3162,861,1,1,null,0,0,0
29/01/2019 23:13:07,100,05_choosing_from_Flights-0,200,OK,Thread Group 1-1,text,true,,3162,861,1,1,http://localhost:1080/cgi-bin/reservations.pl,100,0,0
29/01/2019 23:13:07,101,06_entering_Payment_Details_and_TicketBooked,200,"Number of samples in transaction : 1, number of failing samples : 0",Thread Group 1-1,,true,,2860,1032,1,1,null,0,0,0
29/01/2019 23:13:07,101,06_entering_Payment_Details_and_TicketBooked-0,200,OK,Thread Group 1-1,text,true,,2860,1032,1,1,http://localhost:1080/cgi-bin/reservations.pl,100,0,0
29/01/2019 23:13:07,271,03_clicking_Flights_option,200,"Number of samples in transaction : 3, number of failing samples : 0",Thread Group 1-1,,true,,7113,1819,1,1,null,0,0,0
29/01/2019 23:13:07,89,03_clicking_Flights_option-0,200,OK,Thread Group 1-1,text,true,,843,604,1,1,http://localhost:1080/cgi-bin/welcome.pl?page=search,89,0,0
29/01/2019 23:13:07,95,03_clicking_Flights_option-1,200,OK,Thread Group 1-1,text,true,,1749,607,1,1,http://localhost:1080/cgi-bin/nav.pl?page=menu&in=flights,95,0,0
29/01/2019 23:13:07,86,03_clicking_Flights_option-2,200,OK,Thread Group 1-1,text,true,,4521,608,1,1,http://localhost:1080/cgi-bin/reservations.pl?page=welcome,86,0,1
29/01/2019 23:13:08,103,04_ entering_Details_for_Finding_Flights,200,"Number of samples in transaction : 1, number of failing samples : 0",Thread Group 1-1,,true,,2712,967,1,1,null,0,0,0
29/01/2019 23:13:08,101,04_ entering_Details_for_Finding_Flights-0,200,OK,Thread Group 1-1,text,true,,2712,967,1,1,http://localhost:1080/cgi-bin/reservations.pl,101,0,0
29/01/2019 23:13:08,115,05_choosing_from_Flights,200,"Number of samples in transaction : 1, number of failing samples : 0",Thread Group 1-1,,true,,3231,861,1,1,null,0,0,0
29/01/2019 23:13:08,114,05_choosing_from_Flights-0,200,OK,Thread Group 1-1,text,true,,3231,861,1,1,http://localhost:1080/cgi-bin/reservations.pl,114,0,0
29/01/2019 23:13:08,87,06_entering_Payment_Details_and_TicketBooked,200,"Number of samples in transaction : 1, number of failing samples : 0",Thread Group 1-1,,true,,2860,1032,1,1,null,0,0,0
29/01/2019 23:13:08,87,06_entering_Payment_Details_and_TicketBooked-0,200,OK,Thread Group 1-1,text,true,,2860,1032,1,1,http://localhost:1080/cgi-bin/reservations.pl,87,0,0
29/01/2019 23:13:08,283,07_clicking_Itinerary,200,"Number of samples in transaction : 3, number of failing samples : 0",Thread Group 1-1,,true,,10234,1817,1,1,null,0,0,0
29/01/2019 23:13:08,90,07_clicking_Itinerary-0,200,OK,Thread Group 1-1,text,true,,818,610,1,1,http://localhost:1080/cgi-bin/welcome.pl?page=itinerary,90,0,0
29/01/2019 23:13:08,93,07_clicking_Itinerary-1,200,OK,Thread Group 1-1,text,true,,1749,612,1,1,http://localhost:1080/cgi-bin/nav.pl?page=menu&in=itinerary,93,0,0
29/01/2019 23:13:08,99,07_clicking_Itinerary-2,200,OK,Thread Group 1-1,text,true,,7667,595,1,1,http://localhost:1080/cgi-bin/itinerary.pl,99,0,0
29/01/2019 23:13:08,98,08_choosing_First_BookedFlight_and_Cancelling_It,200,"Number of samples in transaction : 1, number of failing samples : 0",Thread Group 1-1,,true,,1199,874,1,1,null,0,0,0
29/01/2019 23:13:08,98,08_choosing_First_BookedFlight_and_Cancelling_It-1,200,OK,Thread Group 1-1,text,true,,1199,874,1,1,http://localhost:1080/cgi-bin/itinerary.pl,98,0,0
29/01/2019 23:13:08,185,09_LogOut,200,"Number of samples in transaction : 2, number of failing samples : 0",Thread Group 1-1,,true,,2780,1113,1,1,null,0,0,0
29/01/2019 23:13:08,90,09_LogOut-0,200,OK,Thread Group 1-1,text,true,,1025,607,1,1,http://localhost:1080/cgi-bin/welcome.pl?signOff=1,90,0,0
29/01/2019 23:13:08,93,09_LogOut-1,200,OK,Thread Group 1-1,text,true,,1755,506,1,1,http://localhost:1080/cgi-bin/nav.pl?in=home,93,0,0
