{
  "JPS01_T04_Login2/actions/Catalog.action-168" : {
    "transaction" : "JPS01_T04_Login2/actions/Catalog.action-168",
    "sampleCount" : 10,
    "errorCount" : 0,
    "errorPct" : 0.0,
    "meanResTime" : 236.5,
    "medianResTime" : 236.0,
    "minResTime" : 219.0,
    "maxResTime" : 254.0,
    "pct1ResTime" : 253.8,
    "pct2ResTime" : 254.0,
    "pct3ResTime" : 254.0,
    "throughput" : 3.538570417551309,
    "receivedKBytesPerSec" : 6.284072562809625,
    "sentKBytesPerSec" : 3.0133138711960368
  },
  "JPS01_T10_EnterDetails_&_Continue/actions/Order.action-214" : {
    "transaction" : "JPS01_T10_EnterDetails_&_Continue/actions/Order.action-214",
    "sampleCount" : 10,
    "errorCount" : 0,
    "errorPct" : 0.0,
    "meanResTime" : 240.0,
    "medianResTime" : 239.0,
    "minResTime" : 224.0,
    "maxResTime" : 260.0,
    "pct1ResTime" : 259.2,
    "pct2ResTime" : 260.0,
    "pct3ResTime" : 260.0,
    "throughput" : 3.0562347188264063,
    "receivedKBytesPerSec" : 5.364229160299511,
    "sentKBytesPerSec" : 4.357223697279951
  },
  "JPS01_T14_Click_BookedOrder/actions/Order.action-225" : {
    "transaction" : "JPS01_T14_Click_BookedOrder/actions/Order.action-225",
    "sampleCount" : 10,
    "errorCount" : 5,
    "errorPct" : 50.0,
    "meanResTime" : 233.0,
    "medianResTime" : 235.5,
    "minResTime" : 217.0,
    "maxResTime" : 251.0,
    "pct1ResTime" : 250.1,
    "pct2ResTime" : 251.0,
    "pct3ResTime" : 251.0,
    "throughput" : 2.42600679281902,
    "receivedKBytesPerSec" : 3.5451919577874818,
    "sentKBytesPerSec" : 1.965207651018923
  },
  "JPS01_T11_Submit/actions/Order.action-215" : {
    "transaction" : "JPS01_T11_Submit/actions/Order.action-215",
    "sampleCount" : 10,
    "errorCount" : 5,
    "errorPct" : 50.0,
    "meanResTime" : 343.29999999999995,
    "medianResTime" : 324.0,
    "minResTime" : 223.0,
    "maxResTime" : 497.0,
    "pct1ResTime" : 494.9,
    "pct2ResTime" : 497.0,
    "pct3ResTime" : 497.0,
    "throughput" : 2.4248302618816684,
    "receivedKBytesPerSec" : 20.6333164100388,
    "sentKBytesPerSec" : 1.9204466234238604
  },
  "JPS01_T04_Login" : {
    "transaction" : "JPS01_T04_Login",
    "sampleCount" : 10,
    "errorCount" : 5,
    "errorPct" : 50.0,
    "meanResTime" : 471.8,
    "medianResTime" : 466.5,
    "minResTime" : 437.0,
    "maxResTime" : 521.0,
    "pct1ResTime" : 517.7,
    "pct2ResTime" : 521.0,
    "pct3ResTime" : 521.0,
    "throughput" : 3.249918752031199,
    "receivedKBytesPerSec" : 9.068669767630809,
    "sentKBytesPerSec" : 6.629961204094898
  },
  "JPS01_T06_Select_A_SubPet/actions/Catalog.action-193" : {
    "transaction" : "JPS01_T06_Select_A_SubPet/actions/Catalog.action-193",
    "sampleCount" : 10,
    "errorCount" : 0,
    "errorPct" : 0.0,
    "meanResTime" : 237.2,
    "medianResTime" : 233.5,
    "minResTime" : 221.0,
    "maxResTime" : 274.0,
    "pct1ResTime" : 272.3,
    "pct2ResTime" : 274.0,
    "pct3ResTime" : 274.0,
    "throughput" : 3.033060357901122,
    "receivedKBytesPerSec" : 4.856450940248711,
    "sentKBytesPerSec" : 2.523897198210494
  },
  "JPS01_T05_Select_A_Pet/actions/Catalog.action-192" : {
    "transaction" : "JPS01_T05_Select_A_Pet/actions/Catalog.action-192",
    "sampleCount" : 10,
    "errorCount" : 0,
    "errorPct" : 0.0,
    "meanResTime" : 236.4,
    "medianResTime" : 240.0,
    "minResTime" : 215.0,
    "maxResTime" : 280.0,
    "pct1ResTime" : 276.8,
    "pct2ResTime" : 280.0,
    "pct3ResTime" : 280.0,
    "throughput" : 3.1416902293433866,
    "receivedKBytesPerSec" : 4.828201087810243,
    "sentKBytesPerSec" : 2.5204087142632736
  },
  "JPS01_T15_SignOut2/actions/Catalog.action-229" : {
    "transaction" : "JPS01_T15_SignOut2/actions/Catalog.action-229",
    "sampleCount" : 10,
    "errorCount" : 0,
    "errorPct" : 0.0,
    "meanResTime" : 241.5,
    "medianResTime" : 237.5,
    "minResTime" : 224.0,
    "maxResTime" : 272.0,
    "pct1ResTime" : 270.8,
    "pct2ResTime" : 272.0,
    "pct3ResTime" : 272.0,
    "throughput" : 1.989258006763477,
    "receivedKBytesPerSec" : 3.6189343171871893,
    "sentKBytesPerSec" : 1.577419435050726
  },
  "JPS01_T14_Click_BookedOrder" : {
    "transaction" : "JPS01_T14_Click_BookedOrder",
    "sampleCount" : 10,
    "errorCount" : 5,
    "errorPct" : 50.0,
    "meanResTime" : 233.0,
    "medianResTime" : 235.5,
    "minResTime" : 217.0,
    "maxResTime" : 251.0,
    "pct1ResTime" : 250.1,
    "pct2ResTime" : 251.0,
    "pct3ResTime" : 251.0,
    "throughput" : 2.42600679281902,
    "receivedKBytesPerSec" : 3.5451919577874818,
    "sentKBytesPerSec" : 1.965207651018923
  },
  "JPS01_T04_Login1/actions/Account.action-167" : {
    "transaction" : "JPS01_T04_Login1/actions/Account.action-167",
    "sampleCount" : 10,
    "errorCount" : 5,
    "errorPct" : 50.0,
    "meanResTime" : 235.29999999999998,
    "medianResTime" : 234.0,
    "minResTime" : 218.0,
    "maxResTime" : 269.0,
    "pct1ResTime" : 267.0,
    "pct2ResTime" : 269.0,
    "pct3ResTime" : 269.0,
    "throughput" : 3.543586109142452,
    "receivedKBytesPerSec" : 3.5951480554571225,
    "sentKBytesPerSec" : 4.2114690379163715
  },
  "JPS01_T15_SignOut" : {
    "transaction" : "JPS01_T15_SignOut",
    "sampleCount" : 10,
    "errorCount" : 0,
    "errorPct" : 0.0,
    "meanResTime" : 468.4,
    "medianResTime" : 468.5,
    "minResTime" : 437.0,
    "maxResTime" : 506.0,
    "pct1ResTime" : 504.9,
    "pct2ResTime" : 506.0,
    "pct3ResTime" : 506.0,
    "throughput" : 1.9043991620643685,
    "receivedKBytesPerSec" : 3.9108994120167586,
    "sentKBytesPerSec" : 3.0369959293467907
  },
  "JPS01_T01_HomePage_Launch" : {
    "transaction" : "JPS01_T01_HomePage_Launch",
    "sampleCount" : 10,
    "errorCount" : 0,
    "errorPct" : 0.0,
    "meanResTime" : 4024.2,
    "medianResTime" : 4094.5,
    "minResTime" : 3646.0,
    "maxResTime" : 4222.0,
    "pct1ResTime" : 4222.0,
    "pct2ResTime" : 4222.0,
    "pct3ResTime" : 4222.0,
    "throughput" : 2.2376370552696354,
    "receivedKBytesPerSec" : 2.283526096442157,
    "sentKBytesPerSec" : 1.4094491217274556
  },
  "JPS01_T13_Goto_MyOrders" : {
    "transaction" : "JPS01_T13_Goto_MyOrders",
    "sampleCount" : 10,
    "errorCount" : 5,
    "errorPct" : 50.0,
    "meanResTime" : 791.9000000000001,
    "medianResTime" : 815.5,
    "minResTime" : 220.0,
    "maxResTime" : 1356.0,
    "pct1ResTime" : 1355.0,
    "pct2ResTime" : 1356.0,
    "pct3ResTime" : 1356.0,
    "throughput" : 1.9212295869356388,
    "receivedKBytesPerSec" : 107.21811959654178,
    "sentKBytesPerSec" : 1.532856027857829
  },
  "JPS01_T01_HomePage_Launch/-146" : {
    "transaction" : "JPS01_T01_HomePage_Launch/-146",
    "sampleCount" : 10,
    "errorCount" : 0,
    "errorPct" : 0.0,
    "meanResTime" : 4024.2000000000003,
    "medianResTime" : 4094.5,
    "minResTime" : 3646.0,
    "maxResTime" : 4222.0,
    "pct1ResTime" : 4222.0,
    "pct2ResTime" : 4222.0,
    "pct3ResTime" : 4222.0,
    "throughput" : 2.3685457129322596,
    "receivedKBytesPerSec" : 2.417119404310753,
    "sentKBytesPerSec" : 1.491906235196589
  },
  "JPS01_T10_EnterDetails_&_Continue" : {
    "transaction" : "JPS01_T10_EnterDetails_&_Continue",
    "sampleCount" : 10,
    "errorCount" : 0,
    "errorPct" : 0.0,
    "meanResTime" : 240.0,
    "medianResTime" : 239.0,
    "minResTime" : 224.0,
    "maxResTime" : 260.0,
    "pct1ResTime" : 259.2,
    "pct2ResTime" : 260.0,
    "pct3ResTime" : 260.0,
    "throughput" : 3.0553009471432935,
    "receivedKBytesPerSec" : 5.362590226856095,
    "sentKBytesPerSec" : 4.35589243431103
  },
  "JPS01_T13_Goto_MyOrders/actions/Order.action-217" : {
    "transaction" : "JPS01_T13_Goto_MyOrders/actions/Order.action-217",
    "sampleCount" : 10,
    "errorCount" : 5,
    "errorPct" : 50.0,
    "meanResTime" : 791.9000000000001,
    "medianResTime" : 815.5,
    "minResTime" : 220.0,
    "maxResTime" : 1356.0,
    "pct1ResTime" : 1355.0,
    "pct2ResTime" : 1356.0,
    "pct3ResTime" : 1356.0,
    "throughput" : 1.9212295869356388,
    "receivedKBytesPerSec" : 107.21811959654178,
    "sentKBytesPerSec" : 1.532856027857829
  },
  "JPS01_T11_Submit" : {
    "transaction" : "JPS01_T11_Submit",
    "sampleCount" : 10,
    "errorCount" : 5,
    "errorPct" : 50.0,
    "meanResTime" : 343.29999999999995,
    "medianResTime" : 324.0,
    "minResTime" : 223.0,
    "maxResTime" : 497.0,
    "pct1ResTime" : 494.9,
    "pct2ResTime" : 497.0,
    "pct3ResTime" : 497.0,
    "throughput" : 2.4254183846713557,
    "receivedKBytesPerSec" : 20.638320852534562,
    "sentKBytesPerSec" : 1.9209124120785834
  },
  "JPS01_T05_Select_A_Pet" : {
    "transaction" : "JPS01_T05_Select_A_Pet",
    "sampleCount" : 10,
    "errorCount" : 0,
    "errorPct" : 0.0,
    "meanResTime" : 236.4,
    "medianResTime" : 240.0,
    "minResTime" : 215.0,
    "maxResTime" : 280.0,
    "pct1ResTime" : 276.8,
    "pct2ResTime" : 280.0,
    "pct3ResTime" : 280.0,
    "throughput" : 3.1416902293433866,
    "receivedKBytesPerSec" : 4.828201087810243,
    "sentKBytesPerSec" : 2.5204087142632736
  },
  "JPS01_T08_Add_to_Cart" : {
    "transaction" : "JPS01_T08_Add_to_Cart",
    "sampleCount" : 10,
    "errorCount" : 0,
    "errorPct" : 0.0,
    "meanResTime" : 231.4,
    "medianResTime" : 228.0,
    "minResTime" : 217.0,
    "maxResTime" : 246.0,
    "pct1ResTime" : 245.9,
    "pct2ResTime" : 246.0,
    "pct3ResTime" : 246.0,
    "throughput" : 2.936857562408223,
    "receivedKBytesPerSec" : 5.657179240088106,
    "sentKBytesPerSec" : 2.428356736417034
  },
  "JPS01_T09_Proceed_to_Checkout" : {
    "transaction" : "JPS01_T09_Proceed_to_Checkout",
    "sampleCount" : 10,
    "errorCount" : 5,
    "errorPct" : 50.0,
    "meanResTime" : 241.1,
    "medianResTime" : 233.5,
    "minResTime" : 225.0,
    "maxResTime" : 277.0,
    "pct1ResTime" : 276.7,
    "pct2ResTime" : 277.0,
    "pct3ResTime" : 277.0,
    "throughput" : 3.534817956875221,
    "receivedKBytesPerSec" : 6.99990610639802,
    "sentKBytesPerSec" : 2.8823955019441496
  },
  "JPS01_T15_SignOut1/actions/Account.action-228" : {
    "transaction" : "JPS01_T15_SignOut1/actions/Account.action-228",
    "sampleCount" : 10,
    "errorCount" : 0,
    "errorPct" : 0.0,
    "meanResTime" : 226.90000000000003,
    "medianResTime" : 226.0,
    "minResTime" : 210.0,
    "maxResTime" : 255.0,
    "pct1ResTime" : 253.20000000000002,
    "pct2ResTime" : 255.0,
    "pct3ResTime" : 255.0,
    "throughput" : 1.993620414673046,
    "receivedKBytesPerSec" : 0.46725478468899523,
    "sentKBytesPerSec" : 1.5984007426236044
  },
  "JPS01_T08_Add_to_Cart/actions/Cart.action-212" : {
    "transaction" : "JPS01_T08_Add_to_Cart/actions/Cart.action-212",
    "sampleCount" : 10,
    "errorCount" : 0,
    "errorPct" : 0.0,
    "meanResTime" : 231.4,
    "medianResTime" : 228.0,
    "minResTime" : 217.0,
    "maxResTime" : 246.0,
    "pct1ResTime" : 245.9,
    "pct2ResTime" : 246.0,
    "pct3ResTime" : 246.0,
    "throughput" : 2.936857562408223,
    "receivedKBytesPerSec" : 5.657179240088106,
    "sentKBytesPerSec" : 2.428356736417034
  },
  "JPS01_T12_Goto_MyAccount" : {
    "transaction" : "JPS01_T12_Goto_MyAccount",
    "sampleCount" : 10,
    "errorCount" : 0,
    "errorPct" : 0.0,
    "meanResTime" : 237.4,
    "medianResTime" : 234.0,
    "minResTime" : 217.0,
    "maxResTime" : 272.0,
    "pct1ResTime" : 270.0,
    "pct2ResTime" : 272.0,
    "pct3ResTime" : 272.0,
    "throughput" : 1.9872813990461047,
    "receivedKBytesPerSec" : 4.641971072635135,
    "sentKBytesPerSec" : 1.6107847277424483
  },
  "JPS01_T02_EnterStore/actions/Catalog.action-151" : {
    "transaction" : "JPS01_T02_EnterStore/actions/Catalog.action-151",
    "sampleCount" : 10,
    "errorCount" : 0,
    "errorPct" : 0.0,
    "meanResTime" : 235.3,
    "medianResTime" : 230.5,
    "minResTime" : 219.0,
    "maxResTime" : 265.0,
    "pct1ResTime" : 263.8,
    "pct2ResTime" : 265.0,
    "pct3ResTime" : 265.0,
    "throughput" : 4.887585532746823,
    "receivedKBytesPerSec" : 9.148471865835777,
    "sentKBytesPerSec" : 3.412718413978495
  },
  "JPS01_T02_EnterStore" : {
    "transaction" : "JPS01_T02_EnterStore",
    "sampleCount" : 10,
    "errorCount" : 0,
    "errorPct" : 0.0,
    "meanResTime" : 235.3,
    "medianResTime" : 230.5,
    "minResTime" : 219.0,
    "maxResTime" : 265.0,
    "pct1ResTime" : 263.8,
    "pct2ResTime" : 265.0,
    "pct3ResTime" : 265.0,
    "throughput" : 4.885197850512945,
    "receivedKBytesPerSec" : 9.14400265632633,
    "sentKBytesPerSec" : 3.411051233512457
  },
  "JPS01_T03_Click_SignIN" : {
    "transaction" : "JPS01_T03_Click_SignIN",
    "sampleCount" : 10,
    "errorCount" : 0,
    "errorPct" : 0.0,
    "meanResTime" : 231.5,
    "medianResTime" : 229.5,
    "minResTime" : 214.0,
    "maxResTime" : 256.0,
    "pct1ResTime" : 254.8,
    "pct2ResTime" : 256.0,
    "pct3ResTime" : 256.0,
    "throughput" : 3.734129947722181,
    "receivedKBytesPerSec" : 6.538738680918597,
    "sentKBytesPerSec" : 3.085033140403286
  },
  "JPS01_T06_Select_A_SubPet" : {
    "transaction" : "JPS01_T06_Select_A_SubPet",
    "sampleCount" : 10,
    "errorCount" : 0,
    "errorPct" : 0.0,
    "meanResTime" : 237.2,
    "medianResTime" : 233.5,
    "minResTime" : 221.0,
    "maxResTime" : 274.0,
    "pct1ResTime" : 272.3,
    "pct2ResTime" : 274.0,
    "pct3ResTime" : 274.0,
    "throughput" : 3.0339805825242716,
    "receivedKBytesPerSec" : 4.857924378033981,
    "sentKBytesPerSec" : 2.5246629437196604
  },
  "JPS01_T09_Proceed_to_Checkout/actions/Order.action-213" : {
    "transaction" : "JPS01_T09_Proceed_to_Checkout/actions/Order.action-213",
    "sampleCount" : 10,
    "errorCount" : 5,
    "errorPct" : 50.0,
    "meanResTime" : 241.1,
    "medianResTime" : 233.5,
    "minResTime" : 225.0,
    "maxResTime" : 277.0,
    "pct1ResTime" : 276.7,
    "pct2ResTime" : 277.0,
    "pct3ResTime" : 277.0,
    "throughput" : 3.536067892503536,
    "receivedKBytesPerSec" : 7.0023813207213585,
    "sentKBytesPerSec" : 2.8834147365629423
  },
  "JPS01_T03_Click_SignIN/actions/Account.action;jsessionid=DF462579970A27BA23553BDDC12C3F55-166" : {
    "transaction" : "JPS01_T03_Click_SignIN/actions/Account.action;jsessionid=DF462579970A27BA23553BDDC12C3F55-166",
    "sampleCount" : 10,
    "errorCount" : 0,
    "errorPct" : 0.0,
    "meanResTime" : 231.5,
    "medianResTime" : 229.5,
    "minResTime" : 214.0,
    "maxResTime" : 256.0,
    "pct1ResTime" : 254.8,
    "pct2ResTime" : 256.0,
    "pct3ResTime" : 256.0,
    "throughput" : 3.7369207772795217,
    "receivedKBytesPerSec" : 6.543625630605381,
    "sentKBytesPerSec" : 3.08733884529148
  },
  "Total" : {
    "transaction" : "Total",
    "sampleCount" : 170,
    "errorCount" : 25,
    "errorPct" : 14.705882,
    "meanResTime" : 497.2823529411763,
    "medianResTime" : 236.0,
    "minResTime" : 210.0,
    "maxResTime" : 4222.0,
    "pct1ResTime" : 475.30000000000007,
    "pct2ResTime" : 3782.8999999999987,
    "pct3ResTime" : 4222.0,
    "throughput" : 3.198314300227645,
    "receivedKBytesPerSec" : 16.555042900918103,
    "sentKBytesPerSec" : 2.7331918000865425
  },
  "JPS01_T12_Goto_MyAccount/actions/Account.action-216" : {
    "transaction" : "JPS01_T12_Goto_MyAccount/actions/Account.action-216",
    "sampleCount" : 10,
    "errorCount" : 0,
    "errorPct" : 0.0,
    "meanResTime" : 237.4,
    "medianResTime" : 234.0,
    "minResTime" : 217.0,
    "maxResTime" : 272.0,
    "pct1ResTime" : 270.0,
    "pct2ResTime" : 272.0,
    "pct3ResTime" : 272.0,
    "throughput" : 1.986886548778065,
    "receivedKBytesPerSec" : 4.641048765646731,
    "sentKBytesPerSec" : 1.6104646830915954
  },
  "JPS01_T07_Select_A_SubPet_Type/actions/Catalog.action-197" : {
    "transaction" : "JPS01_T07_Select_A_SubPet_Type/actions/Catalog.action-197",
    "sampleCount" : 10,
    "errorCount" : 0,
    "errorPct" : 0.0,
    "meanResTime" : 230.9,
    "medianResTime" : 229.5,
    "minResTime" : 216.0,
    "maxResTime" : 256.0,
    "pct1ResTime" : 254.4,
    "pct2ResTime" : 256.0,
    "pct3ResTime" : 256.0,
    "throughput" : 3.1605562579013906,
    "receivedKBytesPerSec" : 5.0396057206068265,
    "sentKBytesPerSec" : 2.6102367454171933
  },
  "JPS01_T07_Select_A_SubPet_Type" : {
    "transaction" : "JPS01_T07_Select_A_SubPet_Type",
    "sampleCount" : 10,
    "errorCount" : 0,
    "errorPct" : 0.0,
    "meanResTime" : 230.9,
    "medianResTime" : 229.5,
    "minResTime" : 216.0,
    "maxResTime" : 256.0,
    "pct1ResTime" : 254.4,
    "pct2ResTime" : 256.0,
    "pct3ResTime" : 256.0,
    "throughput" : 3.1595576619273302,
    "receivedKBytesPerSec" : 5.038013428120063,
    "sentKBytesPerSec" : 2.6094120260663507
  }
}